date,overall_score,composition_score,revitalization_score,duration_score,deep_sleep_in_minutes,resting_heart_rate,restlessness,wake_times,minutesAsleep,deep,light,rem,wake,in_bed_time,in_bed_hour,wake_time,wake_hour,in_bed_time (mins),period,dayOfWeek
2020-05-31,81,17,23,41,44,73,0.047457627118644,08:03:30,390.0,45,277,68,52,00:41:30,1.0,08:03:30,8.0,442,0,Sunday
2020-06-01,81,18,22,41,40,71,0.0647398843930635,07:17:30,385.0,40,274,71,47,00:05:30,0.0,07:17:30,7.0,432,0,Monday
2020-06-02,85,21,22,42,42,71,0.0675,07:51:30,361.0,42,222,97,39,01:11:00,1.0,07:51:30,8.0,400,0,Tuesday
2020-06-03,85,21,21,43,65,70,0.0756013745704467,08:00:30,402.0,65,237,100,49,00:29:00,0.0,08:00:30,8.0,451,0,Wednesday
2020-06-04,81,21,22,38,40,70,0.0774278215223097,07:00:30,336.0,41,213,82,53,00:31:00,1.0,07:00:30,7.0,389,0,Thursday
2020-06-05,82,21,19,42,51,70,0.0805134189031505,08:14:30,381.0,51,231,99,47,01:06:00,1.0,08:14:30,8.0,428,0,Friday
2020-06-06,83,18,22,43,61,71,0.0591861898890258,07:35:30,374.0,62,251,61,31,00:50:00,1.0,07:35:30,8.0,405,0,Saturday
2020-06-07,85,18,21,46,52,71,0.0641158221302999,08:54:30,435.0,52,306,77,48,00:51:00,1.0,08:54:30,9.0,483,0,Sunday
2020-06-08,84,19,22,43,32,73,0.0526315789473684,08:09:30,385.0,32,222,131,32,01:12:00,1.0,08:09:30,8.0,417,0,Monday
2020-06-09,85,20,23,42,54,74,0.0616216216216216,08:02:30,417.0,55,271,91,45,00:20:30,0.0,08:02:30,8.0,462,0,Tuesday
2020-06-10,79,21,16,42,65,73,0.0577617328519855,07:41:30,375.0,65,223,87,46,00:40:00,1.0,07:41:30,8.0,421,0,Wednesday
2020-06-11,86,21,23,42,43,75,0.0643274853801169,07:16:30,383.0,43,242,98,50,00:03:00,0.0,07:16:30,7.0,433,0,Thursday
2020-06-12,83,20,22,41,43,73,0.0798175598631698,07:56:30,383.0,44,253,86,55,00:38:30,1.0,07:56:30,8.0,438,0,Friday
2020-06-13,77,16,23,38,33,73,0.0711297071129707,07:56:30,324.0,33,241,50,56,01:36:00,2.0,07:56:30,8.0,380,0,Saturday
2020-06-14,84,18,21,45,57,73,0.0749128919860627,09:57:00,519.0,57,368,94,66,00:12:00,0.0,09:57:00,10.0,585,0,Sunday
2020-06-15,82,18,21,43,5,73,0.0618311533888228,08:17:30,383.0,6,271,106,42,01:12:00,1.0,08:17:30,8.0,425,0,Monday
2020-06-16,80,19,20,41,34,73,0.0786267995570321,08:20:30,390.0,34,273,83,61,00:49:30,1.0,08:20:30,8.0,451,0,Tuesday
2020-06-17,81,16,23,42,40,74,0.0602272727272727,07:29:00,400.0,40,304,56,52,23:56:30,0.0,07:29:00,7.0,452,0,Wednesday
2020-06-18,81,21,20,40,62,73,0.1078748651564185,08:18:30,396.0,62,217,117,67,00:35:30,1.0,08:18:30,8.0,463,0,Thursday
2020-06-19,78,17,22,39,41,73,0.0919540229885057,08:19:30,349.0,42,246,61,42,01:48:00,2.0,08:19:30,8.0,391,0,Friday
2020-06-20,84,21,21,42,40,73,0.065710872162485,07:59:30,380.0,40,244,96,38,01:01:30,1.0,07:59:30,8.0,418,0,Saturday
2020-06-21,90,21,23,46,78,73,0.0742526518804243,09:15:30,465.0,78,275,112,53,00:37:00,1.0,09:15:30,9.0,518,1,Sunday
2020-06-22,76,21,22,33,41,72,0.0913770913770913,07:07:30,320.0,41,181,98,68,00:39:30,1.0,07:07:30,7.0,388,1,Monday
2020-06-23,88,20,22,46,53,71,0.0712871287128712,08:58:00,448.0,54,296,98,66,00:24:00,0.0,08:58:00,9.0,514,1,Tuesday
2020-06-24,85,19,21,45,19,71,0.0944162436548223,08:51:30,424.0,19,298,107,70,00:37:00,1.0,08:51:30,9.0,494,1,Wednesday
2020-06-25,85,19,21,45,53,70,0.0810546875,08:44:30,441.0,53,298,90,76,00:07:00,0.0,08:44:30,9.0,517,1,Thursday
2020-06-26,79,17,23,39,64,70,0.0563204005006257,07:38:30,355.0,64,239,52,49,00:54:00,1.0,07:38:30,8.0,404,0,Friday
2020-06-27,84,17,22,45,76,70,0.0888450148075024,08:38:30,434.0,76,289,69,72,00:12:30,0.0,08:38:30,9.0,506,0,Saturday
2020-06-28,90,22,22,46,97,69,0.0887337986041874,08:53:00,452.0,98,228,126,57,00:24:00,0.0,08:53:00,9.0,509,0,Sunday
2020-06-29,83,17,21,45,44,69,0.097261567516525,09:04:30,455.0,44,337,74,76,00:13:00,0.0,09:04:30,9.0,531.0,0,Monday
2020-06-30,85,17,23,45,63,70,0.0729064039408867,08:41:30,450.0,63,329,58,60,00:11:00,0.0,08:41:30,9.0,510.0,0,Tuesday
2020-07-01,79,19,20,40,58,69,0.0987514188422247,08:12:30,371.0,59,233,79,69,00:52:30,1.0,08:12:30,8.0,440.0,0,Wednesday
2020-07-02,71,16,20,35,28,70,0.1173533083645443,08:03:30,332.0,28,247,57,68,01:23:30,1.0,08:03:30,8.0,400.0,0,Thursday
2020-07-03,82,20,22,40,35,70,0.1005291005291005,08:45:30,412.0,35,266,111,60,00:53:30,1.0,08:45:30,9.0,472.0,0,Friday
2020-07-04,80,18,23,39,19,70,0.0489795918367346,08:12:00,337.0,19,247,71,34,02:01:00,2.0,08:12:00,8.0,371.0,0,Saturday
2020-07-05,82,19,22,41,28,69,0.0597701149425287,08:04:30,383.0,28,269,86,61,00:40:00,1.0,08:04:30,8.0,444.0,0,Sunday
2020-07-06,78,18,21,39,49,70,0.0770901194353963,08:31:00,389.0,49,267,73,94,00:28:00,0.0,08:31:00,9.0,483.0,0,Monday
2020-07-07,84,19,23,42,29,70,0.0678787878787878,07:43:30,366.0,29,254,83,46,00:51:30,1.0,07:43:30,8.0,412.0,0,Tuesday
2020-07-08,81,20,23,38,50,70,0.0541611624834874,08:11:30,337.0,51,210,76,50,01:44:00,2.0,08:11:30,8.0,387.0,0,Wednesday
2020-07-09,89,21,21,47,74,71,0.056353591160221,08:08:00,421.0,75,211,135,33,00:34:00,1.0,08:08:00,8.0,454.0,0,Thursday
2020-07-10,70,15,19,36,51,72,0.0929936305732484,07:24:30,336.0,51,262,23,56,00:52:00,1.0,07:24:30,7.0,392.0,0,Friday
2020-07-11,85,21,23,41,56,73,0.0798569725864123,07:29:30,370.0,56,209,105,49,00:30:30,1.0,07:29:30,7.0,419.0,0,Saturday
2020-07-12,88,21,21,46,73,72,0.0718113612004287,08:15:30,429.0,73,249,107,37,00:29:30,0.0,08:15:30,8.0,466.0,0,Sunday
2020-07-13,77,17,21,39,43,73,0.102402022756005,08:02:30,351.0,43,247,61,44,01:27:30,1.0,08:02:30,8.0,395.0,0,Monday
2020-07-14,82,17,20,45,90,73,0.1121121121121121,08:03:30,438.0,90,283,65,61,23:44:30,0.0,08:03:30,8.0,499.0,0,Tuesday
2020-07-15,78,17,20,41,55,73,0.0770031217481789,07:52:30,420.0,56,298,66,60,23:52:30,0.0,07:52:30,8.0,480.0,0,Wednesday
2020-07-16,78,17,22,39,57,74,0.0907003444316877,08:40:30,363.0,57,248,58,76,01:21:00,1.0,08:40:30,9.0,439.0,0,Thursday
2020-07-17,81,16,23,42,61,75,0.0604982206405693,07:33:30,378.0,62,272,44,48,00:27:00,0.0,07:33:30,8.0,426.0,0,Friday
2020-07-18,88,21,21,46,49,75,0.0749736008447729,08:07:00,424.0,49,231,144,49,00:13:30,0.0,08:07:00,8.0,473.0,0,Saturday
2020-07-19,85,19,22,44,53,75,0.0524433849821215,07:44:00,400.0,54,270,76,60,00:04:00,0.0,07:44:00,8.0,460.0,0,Sunday
2020-07-20,82,21,20,41,49,75,0.0730397422126745,07:56:30,405.0,50,253,102,63,00:08:00,0.0,07:56:30,8.0,468.0,0,Monday
2020-07-21,84,18,22,44,28,75,0.0903790087463556,08:21:00,442.0,29,323,90,72,23:46:30,0.0,08:21:00,8.0,514.0,0,Tuesday
2020-07-22,75,17,22,36,31,73,0.0809160305343511,07:33:30,292.0,31,210,51,41,02:00:00,2.0,07:33:30,8.0,333.0,1,Wednesday
2020-07-23,87,21,23,43,61,73,0.0657568238213399,07:05:00,373.0,62,200,111,36,00:16:00,0.0,07:05:00,7.0,409.0,1,Thursday
2020-07-24,81,21,19,41,53,72,0.0900109769484083,07:35:30,399.0,53,251,95,56,00:00:30,0.0,07:35:30,8.0,455.0,1,Friday
2020-07-25,75,18,15,42,102,72,0.0579881656804733,08:21:30,380.0,102,222,56,42,01:19:30,1.0,08:21:30,8.0,422.0,1,Saturday
2020-07-26,84,20,22,42,79,73,0.0509626274065685,08:00:00,397.0,80,236,81,66,00:17:00,0.0,08:00:00,8.0,463.0,1,Sunday
2020-07-27,75,14,23,38,21,73,0.0729729729729729,08:19:00,331.0,21,281,29,47,02:01:00,2.0,08:19:00,8.0,378.0,0,Monday
2020-07-28,63,15,18,30,39,72,0.103578154425612,07:40:30,225.0,39,170,16,40,03:15:30,3.0,07:40:30,8.0,265.0,0,Tuesday
2020-07-29,88,22,23,43,83,74,0.0456182472989195,07:36:00,398.0,83,204,111,37,00:21:00,0.0,07:36:00,8.0,435,0,Wednesday
2020-07-30,77,19,21,37,47,73,0.0838252656434474,07:46:00,360.0,47,241,72,63,00:42:30,1.0,07:46:00,8.0,423,0,Thursday
2020-07-31,83,19,24,40,18,73,0.0383091149273447,07:06:00,358.0,18,258,82,47,00:21:00,0.0,07:06:00,7.0,405,0,Friday
2020-08-01,83,19,22,42,86,73,0.0723763570566948,07:52:30,367.0,87,210,70,47,00:58:30,1.0,07:52:30,8.0,414,0,Saturday
2020-08-02,84,17,24,43,52,73,0.0430379746835443,07:40:00,369.0,53,258,58,34,00:56:30,1.0,07:40:00,8.0,403,0,Sunday
2020-08-03,77,18,21,38,46,72,0.097005988023952,07:35:30,359.0,46,243,70,75,00:21:00,0.0,07:35:30,8.0,434,0,Monday
2020-08-04,89,21,23,45,69,71,0.0667920978363123,08:06:30,476.0,69,290,117,55,23:15:30,23.0,08:06:30,8.0,531,0,Tuesday
2020-08-05,77,21,20,36,40,71,0.1218274111675127,07:23:00,340.0,41,217,82,67,00:36:00,1.0,07:23:00,7.0,407,0,Wednesday
2020-08-06,82,21,23,38,42,72,0.0518518518518518,06:49:00,315.0,43,190,82,40,00:54:00,1.0,06:49:00,7.0,355,0,Thursday
2020-08-07,73,18,21,34,24,71,0.0376237623762376,07:24:00,238.0,24,166,48,44,02:42:00,3.0,07:24:00,7.0,282,0,Friday
2020-08-08,79,19,18,42,32,72,0.0745762711864406,08:20:00,401.0,32,285,84,57,00:41:30,1.0,08:20:00,8.0,458,0,Saturday
2020-08-09,79,16,22,41,43,74,0.0642201834862385,07:42:00,388.0,43,300,45,68,00:06:00,0.0,07:42:00,8.0,456,0,Sunday
2020-08-10,80,18,22,40,67,75,0.0523627075351213,07:16:30,358.0,68,230,60,52,00:26:00,0.0,07:16:30,7.0,410,0,Monday
2020-08-11,76,17,23,36,57,75,0.0644677661169415,07:36:30,298.0,58,193,47,35,02:03:30,2.0,07:36:30,8.0,333,0,Tuesday
2020-08-12,79,15,23,41,22,74,0.0811099252934898,07:19:30,417.0,22,330,65,51,23:31:00,0.0,07:19:30,7.0,468,0,Wednesday
2020-08-13,79,18,24,37,16,74,0.0526315789473684,07:27:00,311.0,16,229,66,37,01:39:00,2.0,07:27:00,7.0,348,0,Thursday
2020-08-14,81,18,23,40,51,72,0.0501930501930501,06:02:30,353.0,51,242,60,39,23:30:00,0.0,06:02:30,6.0,392,0,Friday
2020-08-15,83,19,22,42,71,72,0.0735468564650059,07:09:00,383.0,71,237,75,58,23:48:00,0.0,07:09:00,7.0,441,0,Saturday
2020-08-16,80,19,22,39,30,73,0.0491283676703645,04:59:00,300.0,30,208,62,26,23:33:00,0.0,04:59:00,5.0,326,0,Sunday
2020-08-17,74,16,18,40,55,74,0.106430155210643,06:52:30,379.0,55,281,43,78,23:15:00,23.0,06:52:30,7.0,457,0,Monday
2020-08-18,78,16,24,38,39,74,0.0467980295566502,07:18:30,358.0,40,267,51,53,00:27:00,0.0,07:18:30,7.0,411,1,Tuesday
2020-08-19,86,20,23,43,59,72,0.0568445475638051,07:30:00,401.0,59,262,80,48,00:01:00,0.0,07:30:00,8.0,449,1,Wednesday
2020-08-20,75,16,21,38,43,70,0.1161007667031763,08:01:30,377.0,43,292,42,80,00:24:00,0.0,08:01:30,8.0,457,1,Thursday
2020-08-21,83,17,24,42,20,69,0.0556213017751479,06:55:30,387.0,20,293,74,54,23:34:00,0.0,06:55:30,7.0,441,1,Friday
2020-08-22,82,20,22,40,63,69,0.085533262935586,08:04:30,415.0,63,265,87,67,00:02:00,0.0,08:04:30,8.0,482,1,Saturday
2020-08-23,81,17,24,40,69,68,0.0590163934426229,08:02:00,392.0,69,256,67,67,00:22:30,0.0,08:02:00,8.0,459,1,Sunday
2020-08-24,79,19,21,39,58,68,0.1001137656427758,07:31:30,369.0,58,235,76,70,00:12:00,0.0,07:31:30,8.0,439,0,Monday
2020-08-25,81,17,23,41,37,67,0.0590277777777777,07:31:30,381.0,37,279,65,56,00:14:00,0.0,07:31:30,8.0,437,0,Tuesday
2020-08-26,77,17,20,40,60,66,0.1314348302300109,07:55:30,385.0,60,264,61,71,00:19:00,0.0,07:55:30,8.0,456,0,Wednesday
2020-08-27,77,20,19,38,31,67,0.1209927611168562,07:47:00,399.0,31,270,98,84,23:43:30,0.0,07:47:00,8.0,483,0,Thursday
2020-08-28,78,17,21,40,41,67,0.0834312573443008,07:34:30,361.0,41,264,56,64,00:29:00,0.0,07:34:30,8.0,425,0,Friday
2020-08-29,88,20,23,45,42,67,0.0600203458799593,07:55:30,432.0,42,294,96,61,23:42:00,0.0,07:55:30,8.0,493,0,Saturday
2020-08-30,77,17,20,40,60,67,0.0962199312714776,07:35:30,373.0,60,256,57,63,00:19:00,0.0,07:35:30,8.0,436,0,Sunday
2020-08-31,83,21,22,40,59,69,0.0742407199100112,07:59:30,379.0,59,228,92,65,00:35:30,1.0,07:59:30,8.0,444,0,Monday
2020-09-01,84,18,23,43,46,70,0.049438202247191,08:30:00,416.0,46,297,73,65,00:29:00,0.0,08:30:00,8.0,481,0,Tuesday
2020-09-02,73,16,16,41,90,68,0.1102449888641425,08:00:00,384.0,90,258,36,85,00:11:00,0.0,08:00:00,8.0,469,0,Wednesday
2020-09-03,87,21,24,42,53,70,0.0497175141242937,07:47:30,406.0,53,238,115,45,00:16:00,0.0,07:47:30,8.0,451,0,Thursday
2020-09-04,85,21,23,41,40,68,0.0487514863258026,07:18:30,374.0,41,240,93,46,00:18:00,0.0,07:18:30,7.0,420,0,Friday
2020-09-05,80,17,23,40,37,68,0.054054054054054,08:35:30,384.0,37,280,67,65,01:06:00,1.0,08:35:30,9.0,449,0,Saturday
2020-09-06,85,18,21,46,34,66,0.0745658835546476,08:42:30,435.0,34,316,85,54,00:33:30,1.0,08:42:30,9.0,489,0,Sunday
2020-09-07,76,16,22,38,39,67,0.060122699386503,07:09:00,354.0,39,267,48,57,00:18:00,0.0,07:09:00,7.0,411,0,Monday
2020-09-08,78,14,20,44,17,67,0.1082621082621082,08:42:30,449.0,17,368,64,77,23:56:30,0.0,08:42:30,9.0,526,0,Tuesday
2020-09-09,83,17,24,42,24,68,0.048,07:18:30,400.0,25,300,75,46,23:52:00,0.0,07:18:30,7.0,446,0,Wednesday
2020-09-10,82,20,22,40,36,69,0.0676378772112382,08:14:30,416.0,36,274,106,64,00:14:30,0.0,08:14:30,8.0,480,0,Thursday
2020-09-11,85,19,23,43,46,69,0.0343949044585987,07:26:00,368.0,46,250,72,46,00:32:00,1.0,07:26:00,7.0,414,0,Friday
2020-09-12,80,21,20,39,43,69,0.0758706467661691,07:00:30,354.0,43,221,90,59,00:07:00,0.0,07:00:30,7.0,413,0,Saturday
2020-09-13,77,18,21,38,50,70,0.1048466864490603,09:26:00,413.0,51,280,82,95,00:57:30,1.0,09:26:00,9.0,508,0,Sunday
2020-09-14,81,17,20,44,80,69,0.135089209855565,09:06:30,506.0,80,345,81,82,23:18:30,23.0,09:06:30,9.0,588,0,Monday
2020-09-15,80,21,21,38,70,68,0.0566280566280566,07:30:30,342.0,71,192,79,54,00:54:00,1.0,07:30:30,8.0,396,0,Tuesday
2020-09-16,69,16,14,39,58,68,0.1062146892655367,07:14:30,363.0,59,262,42,79,23:52:30,0.0,07:14:30,7.0,442,0,Wednesday
2020-09-17,78,16,20,42,16,69,0.0490081680280046,07:00:30,394.0,16,308,70,34,23:52:30,0.0,07:00:30,7.0,428,0,Thursday
2020-09-18,86,21,23,42,53,71,0.0441176470588235,07:23:30,370.0,54,209,107,43,00:30:00,0.0,07:23:30,7.0,413,0,Friday
2020-09-19,85,19,23,43,21,71,0.0402843601895734,07:13:30,390.0,21,276,93,43,00:00:00,0.0,07:13:30,7.0,433,0,Saturday
2020-09-20,85,21,23,41,74,71,0.0952941176470588,07:44:00,373.0,74,201,98,54,00:37:00,1.0,07:44:00,8.0,427,0,Sunday
2020-09-21,79,18,23,38,10,70,0.0747782002534854,06:39:30,347.0,11,228,108,50,00:02:00,0.0,06:39:30,7.0,397,1,Monday
2020-09-22,84,17,23,44,75,68,0.0482233502538071,07:38:00,373.0,75,251,47,34,00:50:30,1.0,07:38:00,8.0,407,1,Tuesday
2020-09-23,89,21,22,46,52,68,0.0525762355415352,07:21:30,426.0,53,257,116,49,23:26:30,23.0,07:21:30,7.0,475,1,Wednesday
2020-09-24,90,21,23,46,59,68,0.0551351351351351,07:44:00,425.0,59,225,141,43,23:56:00,0.0,07:44:00,8.0,468,1,Thursday
2020-09-25,86,21,22,43,49,68,0.0620253164556962,06:42:00,364.0,49,225,90,39,23:59:00,0.0,06:42:00,7.0,403,1,Friday
2020-09-26,84,19,23,42,47,68,0.0386680988184747,07:54:30,419.0,48,286,85,57,23:58:00,0.0,07:54:30,8.0,476,0,Saturday
2020-09-27,77,15,22,40,23,67,0.0826901874310915,08:00:30,388.0,23,306,59,65,00:27:30,0.0,08:00:30,8.0,453,0,Sunday
2020-09-28,82,16,24,42,28,67,0.0499419279907084,07:14:00,394.0,28,300,66,43,23:57:00,0.0,07:14:00,7.0,437,0,Monday
2020-09-29,77,18,22,37,72,66,0.0787096774193548,06:36:30,336.0,72,202,62,51,00:09:30,0.0,06:36:30,7.0,387,0,Tuesday
2020-09-30,87,20,21,46,64,67,0.0523076923076923,07:04:30,436.0,65,280,91,51,22:57:30,23.0,07:04:30,7.0,487,0,Wednesday
2020-10-01,81,17,24,40,51,66,0.0251989389920424,06:26:00,350.0,52,242,56,33,00:03:00,0.0,06:26:00,6.0,383,0,Thursday
2020-10-02,85,22,22,41,87,66,0.068771138669673,07:21:30,388.0,88,203,97,55,23:58:30,0.0,07:21:30,7.0,443,0,Friday
2020-10-03,75,17,19,39,68,67,0.0712290502793296,06:40:00,333.0,68,215,50,40,00:27:00,0.0,06:40:00,7.0,373,0,Saturday
2020-10-04,78,16,21,41,13,69,0.0650887573964497,07:29:30,367.0,13,282,72,55,00:27:30,0.0,07:29:30,7.0,422,0,Sunday
2020-10-05,74,15,20,39,50,69,0.0794451450189155,06:35:30,351.0,50,271,30,49,23:55:00,0.0,06:35:30,7.0,400,0,Monday
2020-10-06,79,19,23,37,40,70,0.0482673267326732,06:48:30,347.0,40,233,74,57,00:04:00,0.0,06:48:30,7.0,404,0,Tuesday
2020-10-07,88,21,20,47,57,69,0.0376282782212086,06:43:00,413.0,58,256,99,30,23:20:00,23.0,06:43:00,7.0,443,0,Wednesday
2020-10-08,84,21,20,43,40,70,0.0429958391123439,06:33:30,334.0,40,204,90,33,00:26:00,0.0,06:33:30,7.0,367,0,Thursday
2020-10-09,86,21,23,42,61,72,0.0640522875816993,06:40:30,342.0,62,188,92,40,00:18:30,0.0,06:40:30,7.0,382,0,Friday
2020-10-10,86,21,22,43,74,71,0.0395256916996047,07:00:00,358.0,74,207,77,28,00:34:00,1.0,07:00:00,7.0,386,0,Saturday
2020-10-11,80,18,23,39,39,70,0.0642570281124498,07:07:30,330.0,39,229,62,43,00:54:30,1.0,07:07:30,7.0,373,0,Sunday
2020-10-12,74,18,21,35,50,70,0.0886981402002861,07:17:00,292.0,50,188,54,72,01:13:00,1.0,07:17:00,7.0,364,0,Monday
2020-10-13,83,19,21,43,16,69,0.0398899587345254,07:03:00,342.0,16,237,89,28,00:53:00,1.0,07:03:00,7.0,370,0,Tuesday
2020-10-14,80,17,21,42,65,70,0.0681818181818181,07:18:00,351.0,65,229,57,62,00:25:00,0.0,07:18:00,7.0,413,0,Wednesday
2020-10-15,88,21,21,46,59,70,0.0467502850627137,07:15:00,397.0,60,228,109,44,23:53:30,0.0,07:15:00,7.0,441,0,Thursday
2020-10-16,81,20,19,42,56,71,0.0735107731305449,07:00:00,356.0,56,224,76,40,00:24:00,0.0,07:00:00,7.0,396,0,Friday
2020-10-17,80,17,21,42,44,72,0.0763454317897371,07:09:00,361.0,45,254,62,48,00:20:00,0.0,07:09:00,7.0,409,0,Saturday
2020-10-18,82,21,22,39,49,72,0.0412698412698412,06:40:00,298.0,49,184,65,32,01:10:00,1.0,06:40:00,7.0,330,0,Sunday
2020-10-19,86,16,23,47,27,72,0.0459492140266021,06:30:00,394.0,27,307,60,31,23:25:00,23.0,06:30:00,6.0,425,1,Monday
2020-10-20,82,17,23,42,65,70,0.056910569105691,06:58:30,387.0,66,257,64,52,23:39:00,0.0,06:58:30,7.0,439,1,Tuesday
2020-10-21,86,21,22,43,41,70,0.0226700251889168,06:30:00,372.0,41,239,92,31,23:47:00,0.0,06:30:00,6.0,403,1,Wednesday
2020-10-22,82,20,19,43,31,70,0.0607533414337788,07:01:30,376.0,31,250,95,40,00:05:00,0.0,07:01:30,7.0,416,1,Thursday
2020-10-23,86,21,24,41,52,72,0.0398230088495575,06:29:30,322.0,52,173,97,23,00:44:00,1.0,06:29:30,6.0,345,1,Friday
2020-10-24,89,19,24,46,49,71,0.046286329386437,07:14:30,425.0,49,289,87,39,23:30:30,0.0,07:14:30,7.0,464,0,Saturday
2020-10-25,81,17,22,42,66,70,0.0780234070221066,06:27:30,347.0,67,230,50,37,00:03:30,0.0,06:27:30,6.0,384,0,Sunday
2020-10-26,86,18,25,43,51,69,0.0317241379310344,06:00:00,347.0,52,236,59,32,23:41:00,0.0,06:00:00,6.0,379,0,Monday
2020-10-27,85,19,23,43,25,68,0.0687960687960688,06:30:00,379.0,25,265,89,42,23:29:00,23.0,06:30:00,6.0,421,0,Tuesday
2020-10-28,86,21,19,46,56,67,0.0419501133786848,06:33:30,399.0,56,228,115,44,23:10:00,23.0,06:33:30,7.0,443,0,Wednesday
2020-10-29,83,18,22,43,74,69,0.0435323383084577,06:41:00,370.0,74,235,61,36,23:55:00,0.0,06:41:00,7.0,406,0,Thursday
2020-10-31,83,20,24,39,37,69,0.0434108527131782,06:32:00,269.0,37,156,76,23,01:06:00,1.0,06:32:00,7.0,292,0,Saturday
2020-11-01,82,18,22,42,39,68,0.0706455542021924,07:10:30,364.0,40,255,69,46,00:20:00,0.0,07:10:30,7.0,410,0,Sunday
2020-11-02,85,20,22,43,55,68,0.059040590405904,06:59:30,374.0,55,243,76,35,00:10:00,0.0,06:59:30,7.0,409,0,Monday
2020-11-03,78,19,17,42,70,68,0.1102464332036316,06:45:30,342.0,70,205,67,43,00:20:00,0.0,06:45:30,7.0,385,0,Tuesday
2020-11-04,83,22,17,44,87,69,0.0377833753148614,06:50:00,379.0,87,205,87,30,00:01:00,0.0,06:50:00,7.0,409,0,Wednesday
2020-11-05,86,20,22,44,30,71,0.0223776223776223,06:50:00,347.0,30,212,105,51,00:12:00,0.0,06:50:00,7.0,398,0,Thursday
2020-11-06,72,15,21,36,52,72,0.0790774299835255,06:44:30,265.0,52,199,14,40,01:39:00,2.0,06:44:30,7.0,305,0,Friday
2020-11-07,91,21,22,48,45,72,0.0402930402930402,07:20:00,394.0,45,227,122,30,00:16:00,0.0,07:20:00,7.0,424,0,Saturday
2020-11-08,89,20,23,46,34,72,0.0758547008547008,08:35:00,429.0,35,294,100,51,00:35:00,1.0,08:35:00,9.0,480,0,Sunday
2020-11-09,81,17,23,41,47,71,0.0691421254801536,07:06:30,335.0,47,227,61,55,00:36:30,1.0,07:06:30,7.0,390,0,Monday
2020-11-10,78,15,22,41,34,71,0.0520156046814044,07:01:30,336.0,34,259,43,56,00:29:00,0.0,07:01:30,7.0,392,0,Tuesday
2020-11-11,81,19,19,43,49,71,0.0409731113956466,06:44:30,360.0,50,241,69,32,00:12:00,0.0,06:44:30,7.0,392,0,Wednesday
2020-11-13,77,16,23,38,12,72,0.0422163588390501,06:57:30,328.0,13,249,66,59,00:30:00,0.0,06:57:30,7.0,387,0,Friday
2020-11-14,78,16,22,40,21,72,0.0497076023391812,07:44:00,318.0,21,240,57,41,01:45:00,2.0,07:44:00,8.0,359,0,Saturday
2020-11-16,82,20,22,40,35,73,0.0852459016393442,07:25:30,386.0,35,229,122,71,23:48:30,0.0,07:25:30,7.0,457,1,Monday
2020-11-17,81,18,23,40,62,71,0.0557275541795665,06:30:00,308.0,62,193,53,23,00:59:00,1.0,06:30:00,6.0,331,1,Tuesday
2020-11-18,86,21,22,43,56,70,0.0747330960854092,06:52:30,385.0,56,208,121,36,23:51:30,0.0,06:52:30,7.0,421,1,Wednesday
2020-11-19,83,19,21,43,17,70,0.0324763193504736,06:41:00,349.0,17,223,109,36,00:16:00,0.0,06:41:00,7.0,385,1,Thursday
2020-11-20,80,20,20,40,34,70,0.0886998784933171,06:51:30,349.0,34,225,90,62,00:00:00,0.0,06:51:30,7.0,411,1,Friday
2020-11-21,90,21,22,47,54,69,0.053274139844617,07:40:00,419.0,54,272,93,45,23:56:00,0.0,07:40:00,8.0,464,0,Saturday
2020-11-22,82,16,23,43,50,69,0.0570342205323193,07:20:00,365.0,50,276,39,39,00:36:00,1.0,07:20:00,7.0,404,0,Sunday
2020-11-23,80,16,22,42,44,69,0.0648714810281517,07:19:30,366.0,44,281,41,45,00:28:00,0.0,07:19:30,7.0,411,0,Monday
2020-11-24,85,21,22,42,75,68,0.074074074074074,06:42:00,374.0,75,198,101,47,23:41:00,0.0,06:42:00,7.0,421,0,Tuesday
2020-11-25,87,21,23,43,46,68,0.044328552803129,07:03:30,349.0,46,214,89,36,00:38:00,1.0,07:03:30,7.0,385,0,Wednesday
2020-11-26,82,20,20,42,35,68,0.0422195416164053,07:01:30,379.0,35,227,117,51,23:51:00,0.0,07:01:30,7.0,430.0,0,Thursday
2020-11-27,76,17,18,41,53,69,0.0834355828220859,06:59:00,354.0,53,245,56,70,23:54:30,0.0,06:59:00,7.0,424.0,0,Friday
2020-11-28,84,20,21,43,34,70,0.0386206896551724,06:35:00,345.0,35,235,75,30,00:20:00,0.0,06:35:00,7.0,375.0,0,Saturday
2020-11-29,88,21,24,43,60,71,0.0371794871794871,06:51:00,372.0,60,218,94,28,00:11:00,0.0,06:51:00,7.0,400.0,0,Sunday
2020-11-30,72,19,19,34,53,70,0.0966542750929368,07:03:30,324.0,54,197,73,79,00:20:30,0.0,07:03:30,7.0,403.0,0,Monday
2020-12-01,83,20,20,43,39,72,0.0426599749058971,06:55:30,372.0,39,253,80,27,00:16:00,0.0,06:55:30,7.0,399.0,0,Tuesday
2020-12-02,85,21,20,44,42,73,0.0292479108635097,06:30:00,345.0,43,228,74,37,00:08:00,0.0,06:30:00,6.0,382.0,0,Wednesday
2020-12-04,74,16,21,37,37,74,0.0895061728395061,07:06:00,285.0,37,204,44,43,01:38:00,2.0,07:06:00,7.0,328.0,0,Friday
2020-12-05,84,20,22,42,37,74,0.0709134615384615,07:20:30,381.0,38,249,94,41,00:18:00,0.0,07:20:30,7.0,422.0,0,Saturday
2020-12-06,78,16,20,42,52,73,0.078005115089514,08:30:00,348.0,52,258,38,55,01:47:00,2.0,08:30:00,8.0,403.0,0,Sunday
2020-12-07,86,17,25,44,57,73,0.0203193033381712,06:26:00,333.0,57,224,52,34,00:19:00,0.0,06:26:00,6.0,367.0,0,Monday
2020-12-08,88,21,24,43,50,73,0.060893098782138,06:20:00,350.0,50,222,78,24,00:06:00,0.0,06:20:00,6.0,374.0,0,Tuesday
2020-12-09,81,16,23,42,30,71,0.0665054413542926,07:09:30,366.0,31,272,63,47,00:16:30,0.0,07:09:30,7.0,413.0,0,Wednesday
2020-12-10,83,18,23,42,61,71,0.0615384615384615,07:16:30,344.0,61,218,65,53,00:39:00,1.0,07:16:30,7.0,397.0,0,Thursday
2020-12-11,79,19,22,38,25,71,0.0373983739837398,07:00:00,286.0,25,198,63,29,01:45:00,2.0,07:00:00,7.0,315.0,0,Friday
2020-12-12,90,21,22,47,44,71,0.0651658767772511,07:01:00,394.0,44,247,103,36,23:51:00,0.0,07:01:00,7.0,430.0,1,Saturday
2020-12-13,85,20,21,44,35,70,0.1184079601990049,08:59:30,420.0,36,273,111,82,00:37:30,1.0,08:59:30,9.0,502.0,1,Sunday
2020-12-14,83,20,21,42,80,69,0.069284064665127,07:52:00,384.0,81,223,80,54,00:33:30,1.0,07:52:00,8.0,438.0,1,Monday
2020-12-15,72,16,19,37,34,69,0.104,05:03:30,426.0,False,False,False,False,23:51:00,0.0,07:30:00,8.0,426.0,1,Tuesday
2020-12-16,88,21,21,46,38,68,0.0701357466063348,07:45:00,399.0,38,267,94,51,00:15:00,0.0,07:45:00,8.0,450.0,1,Wednesday
2020-12-17,84,21,22,41,52,67,0.0894409937888198,07:05:00,358.0,53,218,87,60,00:07:00,0.0,07:05:00,7.0,418.0,0,Thursday
2020-12-18,81,18,21,42,71,67,0.0854700854700854,07:05:30,360.0,71,227,62,49,00:16:30,0.0,07:05:30,7.0,409.0,0,Friday
2020-12-19,63,14,14,35,10,67,0.1427003293084522,07:55:30,351.0,10,280,61,104,00:20:30,0.0,07:55:30,8.0,455.0,0,Saturday
2020-12-20,87,18,23,46,60,69,0.0586387434554973,08:30:00,437.0,60,299,78,44,00:29:00,0.0,08:30:00,8.0,481.0,0,Sunday
2020-12-21,87,20,22,45,34,68,0.068205666316894,09:04:30,416.0,34,281,101,60,01:08:30,1.0,09:04:30,9.0,476.0,0,Monday
2020-12-22,79,16,20,43,59,68,0.0945273631840796,08:53:30,411.0,60,294,57,94,00:28:00,0.0,08:53:30,9.0,505.0,0,Tuesday
2020-12-23,92,21,24,47,58,68,0.0301568154402895,07:40:00,397.0,58,241,98,36,00:27:00,0.0,07:40:00,8.0,433.0,0,Wednesday
2020-12-25,84,21,21,42,38,68,0.0334788937409024,06:45:00,330.0,38,213,79,32,00:43:00,1.0,06:45:00,7.0,362.0,0,Friday
2020-12-26,84,21,18,45,45,68,0.1199165797705943,08:00:00,417.0,45,265,107,63,00:00:00,0.0,08:00:00,8.0,480,0,Saturday
2020-12-27,83,20,20,43,56,69,0.0375647668393782,07:00:00,362.0,56,233,73,37,00:21:00,0.0,07:00:00,7.0,399,0,Sunday
2020-12-28,75,16,21,38,47,70,0.0577507598784194,07:42:00,295.0,47,212,36,55,01:52:00,2.0,07:42:00,8.0,350,0,Monday
2020-12-29,85,18,20,47,12,70,0.0358342665173572,08:03:00,417.0,13,308,96,42,00:24:00,0.0,08:03:00,8.0,459,0,Tuesday
2020-12-30,67,14,19,34,24,71,0.0944881889763779,07:55:00,267.0,25,217,25,52,02:36:00,3.0,07:55:00,8.0,319,0,Wednesday
2020-12-31,72,17,20,35,49,71,0.0485436893203883,06:35:00,223.0,49,145,29,25,02:10:00,2.0,06:35:00,7.0,248,0,Thursday
2021-01-01,68,16,16,36,36,71,0.1094527363184079,09:02:00,265.0,36,189,40,37,04:00:00,4.0,09:02:00,9.0,302,0,Friday
2021-01-02,79,17,21,41,15,72,0.0640870616686819,07:59:30,365.0,15,272,78,52,01:02:00,1.0,07:59:30,8.0,417,0,Saturday
2021-01-03,76,17,22,37,14,72,0.0694444444444444,07:30:00,289.0,14,213,62,41,02:00:00,2.0,07:30:00,8.0,330,0,Sunday
2021-01-04,87,21,21,45,75,71,0.0675675675675675,09:29:00,459.0,75,264,120,65,00:45:00,1.0,09:29:00,9.0,524,0,Monday
2021-01-05,81,18,18,45,55,71,0.1039236479321314,07:59:30,401.0,55,266,80,70,00:08:30,0.0,07:59:30,8.0,471,0,Tuesday
2021-01-06,85,20,23,42,71,71,0.0482398956975228,06:59:30,345.0,72,203,70,38,00:36:30,1.0,06:59:30,7.0,383,0,Wednesday
2021-01-07,87,20,20,47,29,70,0.0615735461801596,08:07:00,406.0,29,265,112,49,00:32:00,1.0,08:07:00,8.0,455,1,Thursday
2021-01-08,78,21,21,36,41,69,0.1024182076813655,07:59:00,300.0,42,178,80,52,02:07:00,2.0,07:59:00,8.0,352,1,Friday
2021-01-09,84,19,21,44,62,68,0.1098109810981098,09:29:30,480.0,62,322,96,86,00:03:00,0.0,09:29:30,9.0,566,1,Saturday
2021-01-10,81,21,19,41,46,66,0.0624249699879951,07:45:00,363.0,46,229,88,53,00:48:30,1.0,07:45:00,8.0,416,1,Sunday
2021-01-11,86,21,20,45,51,67,0.0769230769230769,07:28:30,401.0,52,225,124,60,23:47:30,0.0,07:28:30,7.0,461,1,Monday
2021-01-12,83,21,22,40,52,66,0.0571428571428571,06:26:30,324.0,52,184,88,36,00:26:00,0.0,06:26:30,6.0,360,0,Tuesday
2021-01-13,75,16,19,40,17,66,0.103023516237402,07:34:30,377.0,18,283,76,69,00:08:30,0.0,07:34:30,8.0,446,0,Wednesday
2021-01-14,84,21,21,42,46,65,0.0820265379975874,07:22:30,370.0,46,232,92,46,00:26:00,0.0,07:22:30,7.0,416,0,Thursday
2021-01-15,78,17,20,41,25,65,0.0464767616191904,07:30:00,317.0,26,235,56,44,01:29:00,1.0,07:30:00,8.0,361,0,Friday
2021-01-16,78,16,19,43,34,66,0.0352020860495436,07:13:30,359.0,35,269,55,34,00:40:00,1.0,07:13:30,7.0,393,0,Saturday
2021-01-17,85,19,24,42,45,67,0.0408432147562582,06:46:30,346.0,45,232,69,40,00:20:00,0.0,06:46:30,7.0,386,0,Sunday
2021-01-18,79,16,20,43,61,66,0.0436408977556109,07:00:00,378.0,61,274,43,32,00:10:00,0.0,07:00:00,7.0,410,0,Monday
2021-01-19,83,19,22,42,18,67,0.0442477876106194,07:10:00,360.0,18,250,92,47,00:23:00,0.0,07:10:00,7.0,407,0,Tuesday
2021-01-20,86,21,22,43,42,67,0.0444444444444444,07:10:00,384.0,42,234,108,38,00:08:00,0.0,07:10:00,7.0,422,0,Wednesday
2021-01-21,79,20,21,38,61,67,0.0952380952380952,07:19:30,349.0,61,205,83,81,00:09:00,0.0,07:19:30,7.0,430,0,Thursday
2021-01-22,67,15,16,36,42,66,0.0870279146141215,07:48:00,267.0,42,203,22,43,02:38:00,3.0,07:48:00,8.0,310,0,Friday
2021-01-23,79,17,18,44,41,67,0.1012658227848101,09:38:00,474.0,41,348,85,103,00:01:00,0.0,09:38:00,10.0,577,0,Saturday
2021-01-24,79,20,19,40,27,68,0.0700564971751412,07:35:30,380.0,28,253,99,62,00:13:30,0.0,07:35:30,8.0,442,0,Sunday
2021-01-25,85,21,21,43,75,68,0.0571428571428571,07:18:00,334.0,75,161,98,44,01:00:00,1.0,07:18:00,7.0,378,0,Monday
2021-01-26,76,20,18,38,67,68,0.1125683060109289,08:18:30,376.0,68,219,89,81,00:41:30,1.0,08:18:30,8.0,457,0,Tuesday
2021-01-27,83,20,19,44,40,69,0.0904311251314406,08:14:00,406.0,41,267,98,73,00:15:00,0.0,08:14:00,8.0,479,0,Wednesday
2021-01-28,85,21,21,43,41,70,0.0508684863523573,07:15:00,383.0,42,221,120,29,00:23:00,0.0,07:15:00,7.0,412,0,Thursday
2021-01-29,80,20,20,40,39,70,0.0441176470588235,07:30:00,315.0,39,207,69,54,01:21:00,1.0,07:30:00,8.0,369,0,Friday
2021-01-30,78,18,21,39,36,71,0.0754147812971342,06:47:00,305.0,36,211,58,42,01:00:00,1.0,06:47:00,7.0,347,0,Saturday
2021-01-31,81,18,17,46,21,72,0.0568306010928961,08:46:00,411.0,22,302,87,51,01:04:00,1.0,08:46:00,9.0,462,0,Sunday
2021-02-01,84,19,22,43,41,72,0.0580645161290322,07:05:00,357.0,42,247,68,32,00:36:00,1.0,07:05:00,7.0,389,0,Monday
2021-02-02,76,17,18,41,35,72,0.1078976640711902,07:47:30,387.0,35,283,69,74,00:06:00,0.0,07:47:30,8.0,461,0,Tuesday
2021-02-03,79,18,21,40,35,72,0.0505617977528089,07:05:00,327.0,36,229,62,44,00:54:00,1.0,07:05:00,7.0,371,0,Wednesday
2021-02-04,85,19,23,43,24,71,0.0342639593908629,07:04:00,370.0,24,263,83,36,00:18:00,0.0,07:04:00,7.0,406,1,Thursday
2021-02-05,84,20,21,43,67,70,0.0646387832699619,07:30:00,367.0,67,227,73,58,00:25:00,0.0,07:30:00,8.0,425,1,Friday
2021-02-06,81,18,21,42,46,69,0.0663198959687906,08:38:00,346.0,46,238,62,54,01:58:00,2.0,08:38:00,9.0,400,1,Saturday
2021-02-07,88,21,20,47,43,68,0.0501138952164009,07:42:00,415.0,43,275,97,40,00:07:00,0.0,07:42:00,8.0,455,1,Sunday
2021-02-08,78,17,21,40,68,69,0.0786650774731823,07:25:30,355.0,68,227,60,66,00:24:00,0.0,07:25:30,7.0,421,1,Monday
2021-02-09,88,21,21,46,56,69,0.0723163841807909,07:34:30,397.0,56,223,118,45,00:12:30,0.0,07:34:30,8.0,442,0,Tuesday
2021-02-10,84,21,21,42,60,69,0.0654205607476635,06:48:30,335.0,60,195,80,39,00:34:30,1.0,06:48:30,7.0,374,0,Wednesday
2021-02-11,85,20,22,43,29,68,0.0417193426042983,07:14:00,369.0,30,254,85,48,00:17:00,0.0,07:14:00,7.0,417,0,Thursday
2021-02-12,86,21,22,43,53,68,0.0589022757697456,06:45:30,347.0,54,207,86,29,00:29:00,0.0,06:45:30,7.0,376,0,Friday
2021-02-13,82,19,21,42,66,68,0.0588972431077694,07:30:00,357.0,66,221,70,51,00:42:00,1.0,07:30:00,8.0,408,0,Saturday
2021-02-14,78,18,18,42,77,69,0.0993249758919961,09:32:30,417.0,78,261,78,104,00:51:00,1.0,09:32:30,10.0,521,0,Sunday
2021-02-15,83,20,22,41,50,69,0.0579531442663378,07:15:30,349.0,50,223,76,56,00:30:30,1.0,07:15:30,7.0,405,0,Monday
2021-02-16,83,20,22,41,26,68,0.0692588092345079,07:30:00,364.0,26,238,100,55,00:31:00,1.0,07:30:00,8.0,419,0,Tuesday
2021-02-17,89,21,21,47,58,68,0.0453172205438066,08:30:00,463.0,58,273,132,41,00:06:00,0.0,08:30:00,8.0,504,0,Wednesday
2021-02-18,68,17,17,34,38,68,0.055327868852459,08:04:00,220.0,39,144,37,44,03:40:00,4.0,08:04:00,8.0,264,0,Thursday
2021-02-19,78,17,19,42,53,68,0.068922305764411,07:26:00,358.0,53,249,56,59,00:29:00,0.0,07:26:00,7.0,417,0,Friday
2021-02-20,79,19,18,42,66,69,0.0842105263157894,08:32:00,342.0,67,206,69,40,02:10:00,2.0,08:32:00,9.0,382,0,Saturday
2021-02-21,82,20,21,41,53,70,0.0607101947308132,08:22:30,388.0,53,250,85,52,01:02:00,1.0,08:22:30,8.0,440,0,Sunday
2021-02-22,77,18,18,41,55,70,0.1055341055341055,07:08:00,337.0,55,218,64,59,00:31:30,1.0,07:08:00,7.0,396,0,Monday
2021-02-23,77,17,20,40,56,70,0.0770101925254813,07:18:30,379.0,56,270,53,62,23:57:30,0.0,07:18:30,7.0,441,0,Tuesday
2021-02-24,81,20,18,43,28,70,0.0558930741190765,07:05:00,379.0,28,260,91,46,00:00:00,0.0,07:05:00,7.0,425.0,0,Wednesday
2021-02-25,67,14,19,34,29,72,0.0580524344569288,07:20:00,231.0,29,183,19,44,02:45:00,3.0,07:20:00,7.0,275.0,0,Thursday
2021-02-26,84,21,20,43,81,73,0.0458488228004956,07:22:00,376.0,81,210,85,38,00:28:00,0.0,07:22:00,7.0,414.0,0,Friday
2021-02-27,83,20,20,43,74,74,0.0892193308550185,08:02:30,373.0,74,220,79,46,01:03:00,1.0,08:02:30,8.0,419.0,0,Saturday
2021-02-28,87,21,20,46,45,74,0.0867117117117117,08:36:00,407.0,45,254,108,54,00:55:00,1.0,08:36:00,9.0,461.0,0,Sunday
2021-03-01,76,15,20,41,37,75,0.0685920577617328,07:14:30,360.0,38,282,40,55,00:19:30,0.0,07:14:30,7.0,415.0,0,Monday
2021-03-02,86,21,22,43,59,75,0.0633373934226552,06:59:30,377.0,59,227,91,52,23:50:00,0.0,06:59:30,7.0,429.0,0,Tuesday
2021-03-03,70,16,21,33,35,75,0.0564334085778781,07:02:00,202.0,35,139,28,35,03:05:00,3.0,07:02:00,7.0,237.0,0,Wednesday
2021-03-04,83,17,23,43,55,75,0.0546163849154746,06:38:30,350.0,56,239,55,34,00:14:30,0.0,06:38:30,7.0,384.0,1,Thursday
2021-03-05,85,18,24,43,43,73,0.0541611624834874,06:30:00,360.0,43,186,131,29,00:01:00,0.0,06:30:00,6.0,389.0,1,Friday
2021-03-06,90,21,23,46,74,71,0.0570824524312896,07:30:00,427.0,74,228,125,47,23:36:00,0.0,07:30:00,8.0,474.0,1,Saturday
2021-03-07,84,21,21,42,41,70,0.0643985419198055,07:03:30,369.0,41,241,87,46,00:08:00,0.0,07:03:30,7.0,415.0,1,Sunday
2021-03-08,82,21,20,41,61,71,0.0894677236693091,07:24:30,380.0,61,224,95,61,00:03:30,0.0,07:24:30,7.0,441.0,1,Monday
2021-03-09,76,16,21,39,23,70,0.0868385345997286,06:54:00,326.0,23,244,59,48,00:39:30,1.0,06:54:00,7.0,374.0,0,Tuesday
2021-03-10,85,20,23,42,27,71,0.0669240669240669,06:54:30,349.0,27,226,96,39,00:26:30,0.0,06:54:30,7.0,388.0,0,Wednesday
2021-03-11,81,20,21,40,56,70,0.0576470588235294,07:23:30,366.0,56,174,136,69,00:08:00,0.0,07:23:30,7.0,435.0,0,Thursday
2021-03-12,83,21,21,41,52,70,0.0670037926675094,07:25:00,347.0,52,190,105,55,00:43:00,1.0,07:25:00,7.0,402.0,0,Friday
2021-03-13,82,19,21,42,66,71,0.0861079219288174,07:52:30,388.0,66,249,73,47,00:37:30,1.0,07:52:30,8.0,435.0,0,Saturday
2021-03-14,86,21,18,47,62,71,0.0848748639825897,08:40:30,424.0,62,243,119,41,00:55:00,1.0,08:40:30,9.0,465.0,0,Sunday
2021-03-15,82,18,22,42,42,72,0.0699126092384519,07:34:30,352.0,42,245,65,52,00:50:00,1.0,07:34:30,8.0,404.0,0,Monday
2021-03-16,86,21,23,42,78,73,0.0729411764705882,07:24:00,381.0,78,210,93,55,00:08:00,0.0,07:24:00,7.0,436.0,0,Tuesday
2021-03-17,82,18,23,41,65,72,0.0590318772136954,07:14:30,373.0,65,242,66,50,00:11:30,0.0,07:14:30,7.0,423.0,0,Wednesday
2021-03-18,70,15,19,36,38,71,0.0695488721804511,07:22:00,244.0,38,189,17,33,02:45:00,3.0,07:22:00,7.0,277.0,0,Thursday
2021-03-19,86,19,24,43,37,72,0.0351758793969849,07:00:00,381.0,37,268,76,30,00:09:00,0.0,07:00:00,7.0,411.0,0,Friday
2021-03-20,90,19,24,47,49,72,0.0386869871043376,07:30:00,403.0,49,211,143,32,00:15:00,0.0,07:30:00,8.0,435.0,0,Saturday
2021-03-21,90,21,22,47,55,71,0.0495283018867924,07:50:00,401.0,55,234,112,39,00:30:00,0.0,07:50:00,8.0,440.0,0,Sunday
2021-03-22,80,18,21,41,65,71,0.0580964153275649,07:00:30,356.0,65,230,61,51,00:13:00,0.0,07:00:30,7.0,407.0,0,Monday
2021-03-23,83,21,22,40,44,71,0.0718424101969872,07:18:30,370.0,44,220,106,61,00:07:30,0.0,07:18:30,7.0,431.0,0,Tuesday
2021-03-24,86,21,23,42,47,72,0.0588928150765606,07:16:30,388.0,47,240,101,36,00:12:30,0.0,07:16:30,7.0,424.0,0,Wednesday
2021-03-25,81,21,22,38,69,72,0.0464743589743589,07:16:00,283.0,69,129,85,48,01:45:00,2.0,07:16:00,7.0,331.0,0,Thursday
2021-03-26,83,21,22,40,53,72,0.0826347305389221,07:28:30,357.0,53,215,89,60,00:31:30,1.0,07:28:30,7.0,417,0,Friday
2021-03-27,86,21,22,43,47,72,0.0276073619631901,06:30:00,316.0,48,176,92,23,00:51:00,1.0,06:30:00,6.0,339,0,Saturday
2021-03-28,79,21,21,37,59,72,0.0852359208523592,09:00:00,293.0,60,164,69,47,03:20:00,3.0,09:00:00,9.0,340,0,Sunday
2021-03-29,90,22,22,46,95,72,0.05422314911366,08:21:30,433.0,95,238,100,46,00:22:30,0.0,08:21:30,8.0,479,0,Monday
2021-03-30,83,20,19,44,60,71,0.1099691675231243,08:25:30,413.0,60,260,93,73,00:19:30,0.0,08:25:30,8.0,486,0,Tuesday
2021-03-31,86,20,21,45,44,71,0.0765911542610571,08:52:00,398.0,44,261,93,65,01:08:30,1.0,08:52:00,9.0,463,0,Wednesday
2021-04-01,80,19,20,41,22,71,0.1055276381909547,09:12:00,342.0,22,240,80,62,02:28:00,2.0,09:12:00,9.0,404,0,Thursday
2021-04-02,85,20,20,45,35,70,0.1007502679528403,08:07:30,409.0,35,268,106,57,00:21:30,0.0,08:07:30,8.0,466,0,Friday
2021-04-03,78,20,20,38,27,71,0.0781710914454277,08:43:30,301.0,27,198,76,43,02:59:00,3.0,08:43:30,9.0,344,0,Saturday
2021-04-04,85,20,20,45,36,70,0.0851505711318795,09:10:30,427.0,37,282,108,63,01:00:00,1.0,09:10:30,9.0,490,0,Sunday
2021-04-05,78,19,20,39,66,70,0.0723404255319148,06:35:00,312.0,66,185,61,48,00:34:30,1.0,06:35:00,7.0,360,0,Monday
2021-04-06,83,19,22,42,18,69,0.0840543881334981,07:02:30,361.0,19,237,105,47,00:14:00,0.0,07:02:30,7.0,408,1,Tuesday
2021-04-07,82,18,22,42,28,69,0.0759345794392523,07:31:30,386.0,28,281,77,49,00:16:00,0.0,07:31:30,8.0,435,1,Wednesday
2021-04-08,82,21,20,41,52,69,0.0700564971751412,07:30:30,382.0,53,219,110,60,00:08:30,0.0,07:30:30,8.0,442,1,Thursday
2021-04-09,83,21,21,41,76,69,0.0836197021764032,07:27:00,378.0,76,208,94,71,23:57:30,0.0,07:27:00,7.0,449,1,Friday
2021-04-10,80,17,20,43,55,69,0.1043802423112768,10:14:30,444.0,55,319,70,92,01:18:30,1.0,10:14:30,10.0,536,1,Saturday
2021-04-11,81,17,22,42,70,69,0.0756693830034924,09:07:30,383.0,70,252,61,56,01:48:00,2.0,09:07:30,9.0,439,0,Sunday
2021-04-12,80,16,23,41,37,69,0.0669240669240669,06:50:30,338.0,37,258,43,50,00:22:30,0.0,06:50:30,7.0,388,0,Monday
2021-04-13,68,14,20,34,31,68,0.0523012552301255,07:27:00,217.0,31,171,15,44,03:06:00,3.0,07:27:00,7.0,261,0,Tuesday
2021-04-14,77,17,22,38,28,69,0.0549738219895288,07:19:00,330.0,28,236,66,57,00:52:00,1.0,07:19:00,7.0,387,0,Wednesday
2021-04-15,82,21,23,38,48,69,0.0570613409415121,06:45:30,309.0,48,170,91,41,00:55:30,1.0,06:45:30,7.0,350,0,Thursday
2021-04-16,85,21,21,43,49,69,0.0547588005215123,07:21:30,353.0,49,215,89,50,00:38:00,1.0,07:21:30,7.0,403,0,Friday
2021-04-17,81,20,16,45,41,70,0.0956429330499468,08:30:00,404.0,42,272,90,67,00:39:00,1.0,08:30:00,8.0,471,0,Saturday
2021-04-18,87,21,20,46,63,72,0.0667920978363123,09:23:30,476.0,64,298,114,55,00:32:30,1.0,09:23:30,9.0,531,0,Sunday
2021-04-19,78,17,21,40,45,73,0.0594353640416047,07:33:00,311.0,46,218,47,50,01:32:00,2.0,07:33:00,8.0,361,0,Monday
2021-04-20,82,17,23,42,35,75,0.051373954599761,07:13:30,369.0,35,266,68,57,00:07:00,0.0,07:13:30,7.0,426,0,Tuesday
2021-04-21,79,19,22,38,36,74,0.081377151799687,07:24:00,289.0,37,194,58,35,02:00:00,2.0,07:24:00,7.0,324,0,Wednesday
2021-04-22,83,17,23,43,50,74,0.0489596083231334,07:31:00,381.0,50,271,60,48,00:22:00,0.0,07:31:00,8.0,429,0,Thursday
2021-04-23,77,18,18,41,66,73,0.08610086100861,07:08:30,352.0,66,223,63,54,00:22:00,0.0,07:08:30,7.0,406,0,Friday
2021-04-24,88,21,21,46,54,74,0.0620399579390115,08:40:00,430.0,54,279,97,48,00:42:00,1.0,08:40:00,9.0,478,0,Saturday
2021-04-25,89,20,23,46,29,73,0.0639470782800441,07:39:30,409.0,29,244,136,44,00:06:30,0.0,07:39:30,8.0,453,0,Sunday
2021-04-26,82,18,21,43,66,72,0.0661268556005398,07:03:00,343.0,66,216,61,45,00:34:30,1.0,07:03:00,7.0,388,0,Monday
2021-04-27,79,19,20,40,62,72,0.0470219435736677,07:07:00,304.0,62,188,54,28,01:35:00,2.0,07:07:00,7.0,332,0,Tuesday
2021-04-28,82,21,20,41,51,72,0.0593325092707045,07:25:00,359.0,51,221,87,53,00:33:00,1.0,07:25:00,7.0,412,0,Wednesday
2021-04-29,82,20,20,42,31,73,0.0799059929494712,07:22:30,387.0,32,252,103,41,00:14:00,0.0,07:22:30,7.0,428,0,Thursday
2021-04-30,89,21,21,47,42,73,0.0522803114571746,08:14:00,418.0,42,264,112,38,00:38:00,1.0,08:14:00,8.0,456,0,Friday
2021-05-01,90,21,22,47,49,73,0.041860465116279,08:02:00,404.0,49,236,119,39,00:39:00,1.0,08:02:00,8.0,443,0,Saturday
2021-05-02,86,22,21,43,85,73,0.051373954599761,07:35:30,384.0,86,183,115,37,00:34:00,1.0,07:35:30,8.0,421,0,Sunday
2021-05-03,77,18,18,41,63,73,0.0664160401002506,07:16:30,351.0,63,224,64,48,00:37:00,1.0,07:16:30,7.0,399,0,Monday
2021-05-04,86,20,23,43,37,75,0.0523489932885906,07:00:00,347.0,37,231,79,53,00:20:00,0.0,07:00:00,7.0,400,1,Tuesday
2021-05-05,82,18,22,42,36,74,0.074074074074074,06:50:00,353.0,36,246,71,57,00:00:00,0.0,06:50:00,7.0,410,1,Wednesday
2021-05-06,82,19,24,39,38,72,0.0571030640668523,07:07:30,321.0,38,215,68,41,01:05:00,1.0,07:07:30,7.0,362,1,Thursday
2021-05-07,83,19,24,40,20,71,0.0437956204379562,07:00:00,318.0,20,217,81,48,00:54:00,1.0,07:00:00,7.0,366,1,Friday
2021-05-08,87,19,22,46,14,70,0.0592755214050493,08:06:00,407.0,14,292,101,53,00:26:00,0.0,08:06:00,8.0,460,1,Saturday
2021-05-09,86,17,22,47,62,69,0.057110862262038,07:58:00,422.0,62,294,66,40,00:16:00,0.0,07:58:00,8.0,462,0,Sunday
2021-05-10,76,17,19,40,65,69,0.1254396248534584,07:15:00,363.0,66,240,57,64,00:08:00,0.0,07:15:00,7.0,427,0,Monday
2021-05-11,86,21,23,42,58,69,0.0579881656804733,07:22:30,379.0,59,226,94,47,00:16:00,0.0,07:22:30,7.0,426,0,Tuesday
2021-05-12,83,21,23,39,72,68,0.064516129032258,06:56:00,303.0,72,138,93,42,01:11:00,1.0,06:56:00,7.0,345,0,Wednesday
2021-05-13,86,21,20,45,54,69,0.098922624877571,08:38:30,446.0,54,262,130,68,00:04:00,0.0,08:38:30,9.0,514,0,Thursday
2021-05-14,84,21,20,43,49,70,0.0625,07:30:00,338.0,49,207,82,61,00:51:00,1.0,07:30:00,8.0,399,0,Friday
2021-05-15,89,21,22,46,42,71,0.0556844547563805,08:00:00,394.0,42,250,102,51,00:35:00,1.0,08:00:00,8.0,445,0,Saturday
2021-05-16,87,21,20,46,44,70,0.0524064171122994,08:00:00,423.0,44,250,129,49,00:08:00,0.0,08:00:00,8.0,472,0,Sunday
2021-05-17,85,21,21,43,45,71,0.0505689001264222,07:00:00,365.0,46,236,83,40,00:15:00,0.0,07:00:00,7.0,405,0,Monday
2021-05-18,80,17,21,42,42,72,0.0718562874251497,07:12:00,372.0,42,275,55,57,00:02:30,0.0,07:12:00,7.0,429,0,Tuesday
2021-05-19,77,16,21,40,40,72,0.0550724637681159,07:14:00,324.0,41,239,44,52,00:58:00,1.0,07:14:00,7.0,376,0,Wednesday
2021-05-20,86,20,23,43,34,73,0.0414993306559571,06:49:00,353.0,35,230,88,34,00:22:00,0.0,06:49:00,7.0,387,0,Thursday
2021-05-21,79,18,19,42,96,73,0.0423216444981862,07:24:30,370.0,96,212,62,47,00:27:00,0.0,07:24:30,7.0,417,0,Friday
2021-05-22,85,21,18,46,70,74,0.0756123535676251,07:51:30,421.0,70,254,97,48,00:02:30,0.0,07:51:30,8.0,469,0,Saturday
2021-05-23,87,21,24,42,81,76,0.0499375780274656,07:01:30,361.0,81,187,93,44,00:16:00,0.0,07:01:30,7.0,405,0,Sunday
2021-05-24,85,21,22,42,41,75,0.0634081902245706,07:00:00,343.0,41,222,80,47,00:30:00,0.0,07:00:00,7.0,390,0,Monday
2021-05-26,92,21,24,47,67,76,0.0316027088036117,07:00:00,420.0,67,248,105,33,23:27:00,23.0,07:00:00,7.0,453.0,0,Wednesday
2021-05-27,66,19,17,30,48,74,0.0835322195704057,07:18:00,181.0,48,96,37,36,03:41:00,4.0,07:18:00,7.0,217.0,0,Thursday
2021-05-28,81,18,23,40,48,76,0.0697674418604651,07:35:00,346.0,48,229,69,71,00:38:00,1.0,07:35:00,8.0,417.0,0,Friday
2021-05-29,86,20,20,46,50,74,0.085824493731919,08:29:30,461.0,51,312,98,57,23:51:30,0.0,08:29:30,8.0,518.0,1,Saturday
2021-05-30,91,22,22,47,97,72,0.0435280641466208,08:59:00,417.0,97,190,130,46,01:16:00,1.0,08:59:00,9.0,463.0,1,Sunday
2021-05-31,83,18,23,42,69,71,0.0556368960468521,07:14:00,328.0,69,204,55,46,01:00:00,1.0,07:14:00,7.0,374.0,1,Monday
2021-06-01,82,20,21,41,63,71,0.067938021454112,07:15:30,365.0,63,225,77,54,00:16:30,0.0,07:15:30,7.0,419.0,1,Tuesday
2021-06-02,80,17,22,41,29,71,0.0606060606060606,07:31:30,342.0,29,250,63,54,00:55:00,1.0,07:31:30,8.0,396.0,1,Wednesday
2021-06-03,80,19,20,41,20,70,0.0732292917166866,07:31:30,360.0,20,225,115,58,00:33:00,1.0,07:31:30,8.0,418.0,0,Thursday
2021-06-04,71,19,22,30,51,71,0.0650263620386643,07:25:00,239.0,51,137,51,56,02:30:00,2.0,07:25:00,7.0,295.0,0,Friday
2021-06-05,90,21,23,46,77,71,0.0515672396359959,08:16:30,441.0,77,234,130,53,00:02:30,0.0,08:16:30,8.0,494.0,0,Saturday
2021-06-06,74,15,20,39,46,71,0.0452674897119341,09:03:00,338.0,46,265,27,39,02:46:00,3.0,09:03:00,9.0,377.0,0,Sunday
2021-06-07,70,16,22,32,23,71,0.0357852882703777,07:21:00,227.0,23,166,38,32,03:02:00,3.0,07:21:00,7.0,259.0,0,Monday
2021-06-08,78,19,21,38,43,70,0.0664780763790664,06:15:00,318.0,44,212,62,40,00:17:00,0.0,06:15:00,6.0,358.0,0,Tuesday
2021-06-09,69,14,21,34,49,68,0.0685805422647528,07:27:00,276.0,49,222,5,51,02:00:00,2.0,07:27:00,7.0,327.0,0,Wednesday
2021-06-10,75,16,22,37,34,68,0.0664697193500738,07:19:00,306.0,34,225,47,52,01:21:00,1.0,07:19:00,7.0,358.0,0,Thursday
2021-06-11,75,17,20,38,54,68,0.064558629776021,06:48:30,337.0,55,232,50,45,00:26:00,0.0,06:48:30,7.0,382.0,0,Friday
2021-06-12,63,14,17,32,32,70,0.0972222222222222,06:30:00,299.0,32,248,19,68,00:23:00,0.0,06:30:00,6.0,367.0,0,Saturday
2021-06-13,92,21,24,47,53,72,0.0361702127659574,08:04:00,448.0,53,275,120,38,23:58:00,0.0,08:04:00,8.0,486.0,0,Sunday
2021-06-14,73,15,21,37,24,71,0.0561009817671809,07:22:30,314.0,24,247,43,42,01:26:00,1.0,07:22:30,7.0,356.0,0,Monday
2021-06-15,78,15,21,42,41,71,0.0488095238095238,07:11:30,376.0,41,303,32,55,00:00:00,0.0,07:11:30,7.0,431.0,0,Tuesday
2021-06-16,78,16,21,41,24,72,0.0540216086434573,06:57:30,364.0,24,279,61,52,00:01:00,0.0,06:57:30,7.0,416.0,0,Wednesday
2021-06-17,77,17,21,39,5,72,0.0457697642163661,06:11:00,333.0,6,257,70,32,00:06:00,0.0,06:11:00,6.0,365.0,0,Thursday
2021-06-18,74,15,20,39,10,72,0.0448807854137447,06:50:00,331.0,10,264,57,49,00:30:00,0.0,06:50:00,7.0,380.0,0,Friday
2021-06-19,85,18,22,45,53,72,0.0554973821989528,08:12:30,422.0,54,288,80,59,00:11:00,0.0,08:12:30,8.0,481.0,0,Saturday
2021-06-20,79,17,19,43,12,73,0.0559701492537313,07:26:30,372.0,12,288,72,34,00:40:00,1.0,07:26:30,7.0,406.0,0,Sunday
2021-06-21,68,13,20,35,13,74,0.086734693877551,06:44:00,188.0,13,156,19,27,03:09:00,3.0,06:44:00,7.0,215.0,0,Monday
2021-06-22,84,20,21,43,83,73,0.0591581342434584,07:30:00,410.0,83,242,85,39,00:01:00,0.0,07:30:00,8.0,449.0,0,Tuesday
2021-06-23,76,18,20,38,72,73,0.0779610194902548,07:25:00,309.0,73,185,51,36,01:40:00,2.0,07:25:00,7.0,345.0,0,Wednesday
2021-06-24,79,20,21,38,35,73,0.0687022900763358,06:52:30,347.0,35,231,81,55,00:10:00,0.0,06:52:30,7.0,402,0,Thursday
2021-06-25,81,21,22,38,57,73,0.0760736196319018,06:55:30,355.0,58,193,104,53,00:07:00,0.0,06:55:30,7.0,408,0,Friday
2021-06-26,76,14,22,40,32,73,0.0625,08:05:00,325.0,32,271,22,40,02:00:00,2.0,08:05:00,8.0,365,0,Saturday
2021-06-27,86,20,23,43,37,71,0.0572519083969465,07:10:00,370.0,37,255,78,31,00:29:00,0.0,07:10:00,7.0,401,1,Sunday
2021-06-28,89,21,22,46,61,69,0.0715015321756894,08:35:00,443.0,61,268,114,56,00:16:00,0.0,08:35:00,9.0,499,1,Monday
2021-06-29,73,19,20,34,59,68,0.0741410488245931,08:17:00,244.0,59,135,50,30,03:18:00,3.0,08:17:00,8.0,274,1,Tuesday
2021-06-30,82,17,22,43,36,68,0.0625,07:20:00,373.0,36,274,63,51,00:16:00,0.0,07:20:00,7.0,424,1,Wednesday
2021-07-01,77,18,19,40,45,67,0.1084462982273201,08:00:00,417.0,46,294,77,67,23:56:00,0.0,08:00:00,8.0,484,1,Thursday
2021-07-02,85,17,22,46,29,67,0.0598555211558307,08:30:00,449.0,29,341,79,58,00:03:00,0.0,08:30:00,8.0,507,0,Friday
2021-07-03,82,21,20,41,57,67,0.0649064906490649,08:00:00,394.0,57,239,98,70,00:16:00,0.0,08:00:00,8.0,464,0,Saturday
2021-07-04,89,20,23,46,30,69,0.0421621621621621,09:01:00,425.0,30,293,102,51,01:05:00,1.0,09:01:00,9.0,476,0,Sunday
2021-07-05,73,15,22,36,29,69,0.075,07:59:00,248.0,29,185,34,32,02:20:00,2.0,07:59:00,8.0,280,0,Monday
2021-07-06,80,16,22,42,56,69,0.072072072072072,08:23:00,396.0,56,290,50,62,00:45:00,1.0,08:23:00,8.0,458,0,Tuesday
2021-07-07,89,22,20,47,84,69,0.0554323725055432,08:50:00,426.0,84,212,130,34,01:10:00,1.0,08:50:00,9.0,460,0,Wednesday
2021-07-08,80,16,23,41,72,69,0.0669800235017626,07:36:30,369.0,72,268,29,56,00:31:30,1.0,07:36:30,8.0,425,0,Thursday
2021-07-09,82,21,22,39,40,69,0.058252427184466,08:00:00,332.0,40,203,89,45,01:43:00,2.0,08:00:00,8.0,377,0,Friday
2021-07-10,77,20,22,35,30,69,0.0359712230215827,08:13:00,217.0,31,120,66,17,03:20:00,3.0,08:13:00,8.0,234,0,Saturday
2021-07-11,80,19,21,40,43,69,0.1151079136690647,08:40:30,420.0,43,287,90,66,00:34:30,1.0,08:40:30,9.0,486,0,Sunday
2021-07-12,81,21,20,40,55,69,0.0902413431269674,08:27:00,408.0,55,237,116,68,00:30:30,1.0,08:27:00,8.0,476,0,Monday
2021-07-13,78,15,22,41,18,70,0.0760233918128654,08:08:30,370.0,18,288,64,57,01:01:30,1.0,08:08:30,8.0,427,0,Tuesday
2021-07-14,77,19,21,37,60,69,0.0749014454664914,08:13:00,334.0,60,207,67,69,01:30:00,2.0,08:13:00,8.0,403,0,Wednesday
2021-07-15,80,20,21,39,37,70,0.0697674418604651,08:00:00,332.0,37,218,77,38,01:50:00,2.0,08:00:00,8.0,370,0,Thursday
2021-07-16,82,18,23,41,68,69,0.0633579725448785,09:00:00,420.0,69,276,75,54,01:06:00,1.0,09:00:00,9.0,474,0,Friday
2021-07-17,79,16,22,41,56,70,0.0772727272727272,09:10:00,389.0,57,284,48,61,01:40:00,2.0,09:10:00,9.0,450,0,Saturday
2021-07-18,77,15,23,39,20,70,0.0506970849176172,08:46:00,354.0,20,276,58,72,01:40:00,2.0,08:46:00,9.0,426,0,Sunday
2021-07-19,77,15,21,41,26,70,0.0830564784053156,08:50:00,396.0,26,324,46,63,01:11:00,1.0,08:50:00,9.0,459,0,Monday
2021-07-20,78,18,21,39,46,70,0.0841836734693877,08:03:00,350.0,46,240,64,68,01:05:00,1.0,08:03:00,8.0,418,0,Tuesday
2021-07-21,89,22,22,45,89,71,0.0704521556256572,08:28:00,424.0,90,229,105,59,00:25:00,0.0,08:28:00,8.0,483,0,Wednesday
2021-07-22,79,19,20,40,85,71,0.1203007518796992,09:08:00,397.0,85,232,80,72,01:18:30,1.0,09:08:00,9.0,469,0,Thursday
2021-07-23,81,17,22,42,58,71,0.072463768115942,07:50:30,402.0,58,278,66,53,00:15:00,0.0,07:50:30,8.0,455,0,Friday
2021-07-24,79,18,22,39,50,72,0.0286831812255541,08:25:00,349.0,50,234,65,47,01:49:00,2.0,08:25:00,8.0,396,0,Saturday
2021-07-25,83,21,22,40,60,73,0.0981856990394877,08:17:00,401.0,60,232,109,69,00:26:30,0.0,08:17:00,8.0,470,1,Sunday
2021-07-26,84,20,24,40,38,73,0.0737885462555066,08:20:30,392.0,38,259,95,63,00:45:00,1.0,08:20:30,8.0,455,1,Monday
2021-07-27,87,18,23,46,64,71,0.0617021276595744,08:07:00,429.0,65,292,72,59,23:59:00,0.0,08:07:00,8.0,488,1,Tuesday
2021-07-28,86,20,23,43,70,71,0.0611111111111111,08:02:00,418.0,71,261,86,47,00:17:00,0.0,08:02:00,8.0,465,1,Wednesday
2021-07-29,86,21,23,42,41,71,0.0591581342434584,08:00:00,399.0,41,262,96,53,00:28:00,0.0,08:00:00,8.0,452,1,Thursday
2021-07-30,82,17,23,42,70,71,0.0659840728100113,08:04:30,394.0,70,268,56,45,00:45:30,1.0,08:04:30,8.0,439,0,Friday
2021-07-31,78,15,21,42,29,71,0.0735826296743064,07:35:00,368.0,29,290,49,52,00:35:00,1.0,07:35:00,8.0,420,0,Saturday
2021-08-01,82,20,23,39,50,72,0.0559345156889495,07:00:00,339.0,51,214,74,31,00:50:00,1.0,07:00:00,7.0,370,0,Sunday
2021-08-02,76,19,19,38,26,72,0.0644567219152854,07:59:00,260.0,26,180,54,42,02:57:00,3.0,07:59:00,8.0,302,0,Monday
2021-08-03,83,19,23,41,34,73,0.0619047619047619,07:55:30,364.0,34,247,83,69,00:42:00,1.0,07:55:30,8.0,433,0,Tuesday
2021-08-04,75,19,16,40,50,71,0.063454759106933,07:45:00,366.0,50,241,75,82,00:16:30,0.0,07:45:00,8.0,448,0,Wednesday
2021-08-05,75,17,20,38,32,73,0.0661764705882353,09:28:00,310.0,32,225,53,65,03:13:00,3.0,09:28:00,9.0,375,0,Thursday
2021-08-06,78,17,21,40,35,73,0.0977366255144032,08:27:30,415.0,35,307,73,73,00:19:00,0.0,08:27:30,8.0,488,0,Friday
2021-08-07,84,19,22,43,71,72,0.0603864734299516,07:10:00,379.0,71,235,73,48,00:03:00,0.0,07:10:00,7.0,427,0,Saturday
2021-08-08,87,17,24,46,61,72,0.0642701525054466,08:20:00,423.0,61,293,69,46,00:31:00,1.0,08:20:00,8.0,469,0,Sunday
2021-08-09,75,18,22,35,40,72,0.0399239543726235,07:01:00,250.0,40,166,44,51,02:00:00,2.0,07:01:00,7.0,301,0,Monday
2021-08-10,87,21,23,43,55,72,0.0556242274412855,07:00:00,375.0,56,214,105,48,23:57:00,0.0,07:00:00,7.0,423,0,Tuesday
2021-08-11,83,19,22,42,42,71,0.0629370629370629,07:13:30,384.0,42,263,79,55,23:54:00,0.0,07:13:30,7.0,439,0,Wednesday
2021-08-12,86,21,23,42,67,72,0.0620067643742953,07:05:30,398.0,67,236,95,45,23:42:30,0.0,07:05:30,7.0,443,0,Thursday
2021-08-13,83,19,23,41,15,72,0.0530565167243368,06:59:30,378.0,15,269,94,55,23:46:30,0.0,06:59:30,7.0,433,0,Friday
2021-08-14,91,21,23,47,82,71,0.0389610389610389,08:02:00,432.0,82,252,98,36,00:14:00,0.0,08:02:00,8.0,468,0,Saturday
2021-08-15,85,19,21,45,36,71,0.0754332313965341,08:25:00,434.0,37,302,95,67,00:04:00,0.0,08:25:00,8.0,501,0,Sunday
2021-08-16,70,16,20,34,54,72,0.0893561103810775,07:32:30,319.0,54,225,40,64,01:09:00,1.0,07:32:30,8.0,383,0,Monday
2021-08-17,84,19,22,43,60,71,0.064039408866995,07:24:00,377.0,60,246,71,62,00:05:00,0.0,07:24:00,7.0,439,0,Tuesday
2021-08-18,81,21,20,40,44,70,0.0640854472630173,06:48:00,347.0,44,225,78,43,00:18:00,0.0,06:48:00,7.0,390,0,Wednesday
2021-08-19,75,17,19,39,47,70,0.1056729699666295,07:32:30,377.0,47,267,63,72,00:03:30,0.0,07:32:30,8.0,449,0,Thursday
2021-08-20,74,17,21,36,50,71,0.0782608695652174,07:24:00,345.0,50,238,57,59,00:40:00,1.0,07:24:00,7.0,404,0,Friday
2021-08-21,87,21,20,46,62,71,0.0646506777893639,07:55:30,429.0,63,255,111,56,23:50:00,0.0,07:55:30,8.0,485,0,Saturday
2021-08-22,75,17,20,38,35,71,0.0956618464961067,08:10:00,367.0,36,260,71,82,00:40:30,1.0,08:10:00,8.0,449,1,Sunday
2021-08-23,78,20,23,35,33,70,0.0561797752808988,07:00:00,280.0,34,157,89,35,01:45:00,2.0,07:00:00,7.0,315,1,Monday
2021-08-24,73,19,21,33,42,69,0.1187096774193548,06:17:00,321.0,43,206,72,68,23:48:00,0.0,06:17:00,6.0,389,1,Tuesday
2021-08-25,82,21,23,38,60,69,0.0611464968152866,06:44:30,349.0,61,183,105,43,00:12:30,0.0,06:44:30,7.0,392,1,Wednesday
2021-08-26,81,17,22,42,24,68,0.0586080586080586,07:14:00,367.0,24,271,72,78,23:48:30,0.0,07:14:00,7.0,445,1,Thursday
2021-08-27,82,21,20,41,52,67,0.0857473928157589,07:07:30,383.0,52,239,92,48,23:56:30,0.0,07:07:30,7.0,431,0,Friday
2021-08-28,79,15,21,43,21,68,0.0365135453474676,07:40:00,400.0,21,323,56,40,00:20:00,0.0,07:40:00,8.0,440,0,Saturday
2021-08-29,82,17,23,42,56,68,0.0573678290213723,07:39:30,402.0,56,289,57,42,00:15:30,0.0,07:39:30,8.0,444,0,Sunday
2021-08-30,86,21,22,43,61,68,0.0674846625766871,06:56:30,372.0,62,222,88,43,00:01:00,0.0,06:56:30,7.0,415,0,Monday
2021-08-31,80,21,19,40,53,68,0.0488771466314399,07:03:00,348.0,53,206,89,60,00:15:00,0.0,07:03:00,7.0,408,0,Tuesday
2021-09-01,73,16,21,36,57,69,0.0669291338582677,06:44:30,326.0,57,236,33,66,00:12:00,0.0,06:44:30,7.0,392,0,Wednesday
2021-09-02,82,16,23,43,40,70,0.0397946084724005,06:45:00,362.0,40,272,50,40,00:03:00,0.0,06:45:00,7.0,402,0,Thursday
2021-09-03,79,21,21,37,62,69,0.0806223479490806,06:59:30,314.0,62,175,77,46,00:59:00,1.0,06:59:30,7.0,360,0,Friday
2021-09-04,90,21,22,47,51,69,0.0610278372591006,08:10:00,440.0,52,280,108,35,00:15:00,0.0,08:10:00,8.0,475,0,Saturday
2021-09-05,79,21,20,38,42,70,0.0863309352517985,07:28:00,281.0,42,167,72,46,01:02:00,1.0,07:28:00,7.0,327,0,Sunday
2021-09-06,81,17,21,43,10,70,0.0449574726609963,07:10:00,385.0,11,299,75,48,23:57:00,0.0,07:10:00,7.0,433,0,Monday
2021-09-07,80,22,20,38,84,70,0.0802721088435374,07:25:30,326.0,84,162,80,41,01:18:30,1.0,07:25:30,7.0,367,0,Tuesday
2021-09-08,78,17,20,41,22,70,0.0826542491268917,07:36:30,368.0,22,269,77,63,00:25:00,0.0,07:36:30,8.0,431,0,Wednesday
2021-09-09,70,14,16,40,28,69,0.0442600276625172,06:51:00,338.0,29,279,30,39,00:34:00,1.0,06:51:00,7.0,377,0,Thursday
2021-09-10,73,18,20,35,22,71,0.0494699646643109,07:20:00,264.0,22,190,52,41,02:15:00,2.0,07:20:00,7.0,305,0,Friday
2021-09-11,83,21,20,42,56,71,0.074245939675174,08:00:00,386.0,56,242,88,57,00:37:00,1.0,08:00:00,8.0,443,0,Saturday
2021-09-12,88,20,22,46,34,72,0.0550847457627118,08:30:00,435.0,34,302,99,46,00:29:00,0.0,08:30:00,8.0,481,0,Sunday
2021-09-13,76,18,21,37,30,72,0.0720858895705521,06:59:30,296.0,30,207,59,35,01:28:00,1.0,06:59:30,7.0,331,0,Monday
2021-09-14,81,18,22,41,41,72,0.073512252042007,07:37:30,368.0,41,254,73,60,00:29:30,0.0,07:37:30,8.0,428,0,Tuesday
2021-09-15,75,17,22,36,53,71,0.0510708401976935,07:09:00,275.0,54,176,45,43,01:51:00,2.0,07:09:00,7.0,318,0,Wednesday
2021-09-16,82,21,22,39,63,72,0.0721533258173618,07:42:00,375.0,63,213,99,68,00:18:30,0.0,07:42:00,8.0,443,0,Thursday
2021-09-17,80,18,22,40,55,72,0.0809898762654668,07:36:30,384.0,56,254,74,60,00:12:30,0.0,07:36:30,8.0,444,0,Friday
2021-09-18,83,21,21,41,61,72,0.0859106529209622,08:12:30,382.0,61,224,97,65,00:45:00,1.0,08:12:30,8.0,447,0,Saturday
2021-09-19,84,21,22,41,69,72,0.0929729729729729,08:35:30,407.0,70,215,122,55,00:53:30,1.0,08:35:30,9.0,462,1,Sunday
2021-09-20,67,16,22,29,32,71,0.0944527736131934,07:34:30,271.0,32,193,46,64,01:59:00,2.0,07:34:30,8.0,335,1,Monday
2021-09-21,87,21,23,43,40,70,0.0475594493116395,06:44:30,370.0,40,225,105,39,23:55:00,0.0,06:44:30,7.0,409,1,Tuesday
2021-09-22,83,20,23,40,35,69,0.0795072788353863,06:59:30,387.0,36,236,115,59,23:33:30,0.0,06:59:30,7.0,446.0,1,Wednesday
2021-09-23,83,21,21,41,55,69,0.074361820199778,06:59:30,392.0,55,241,96,58,23:29:30,23.0,06:59:30,7.0,450.0,1,Thursday
2021-09-24,79,19,22,38,82,68,0.0539629005059021,06:58:00,285.0,82,153,50,43,01:30:00,2.0,06:58:00,7.0,328.0,0,Friday
2021-09-25,88,22,24,42,95,69,0.0496453900709219,07:30:00,385.0,95,184,106,44,00:21:00,0.0,07:30:00,8.0,429.0,0,Saturday
2021-09-26,86,20,24,42,45,69,0.0561660561660561,07:23:30,371.0,46,246,79,39,00:33:00,1.0,07:23:30,7.0,410.0,0,Sunday
2021-09-27,80,21,22,37,40,68,0.0549618320610687,07:06:00,300.0,40,188,72,36,01:30:00,2.0,07:06:00,7.0,336.0,0,Monday
2021-09-28,85,22,21,42,87,67,0.0650684931506849,07:40:00,390.0,87,207,96,63,00:06:30,0.0,07:40:00,8.0,453.0,0,Tuesday
2021-09-29,75,16,21,38,49,66,0.0605296343001261,07:31:30,349.0,49,259,41,60,00:42:00,1.0,07:31:30,8.0,409.0,0,Wednesday
2021-09-30,88,20,22,46,35,67,0.0754901960784313,07:44:00,460.0,35,302,123,84,22:40:00,23.0,07:44:00,8.0,544.0,0,Thursday
2021-10-01,76,20,20,36,41,66,0.0600292825768667,07:23:30,299.0,41,190,68,52,01:32:00,2.0,07:23:30,7.0,351.0,0,Friday
2021-10-02,77,18,17,42,31,66,0.0750279955207166,08:33:30,395.0,31,285,79,56,01:02:00,1.0,08:33:30,9.0,451.0,0,Saturday
2021-10-03,74,14,23,37,39,68,0.0284757118927973,07:52:00,286.0,39,234,13,36,02:30:00,2.0,07:52:00,8.0,322.0,0,Sunday
2021-10-04,75,16,21,38,43,67,0.0327102803738317,06:54:00,302.0,43,226,33,47,01:05:00,1.0,06:54:00,7.0,349.0,0,Monday
2021-10-05,79,17,20,42,64,67,0.055079559363525,07:13:30,363.0,65,250,48,57,00:13:00,0.0,07:13:30,7.0,420.0,0,Tuesday
2021-10-06,77,20,21,36,71,67,0.055722891566265,07:27:30,298.0,71,165,62,42,01:47:00,2.0,07:27:30,7.0,340.0,0,Wednesday
2021-10-07,74,19,20,35,15,68,0.0762388818297331,06:59:30,334.0,16,234,84,59,00:26:30,0.0,06:59:30,7.0,393.0,0,Thursday
2021-10-08,80,17,22,41,69,69,0.0409745293466223,07:28:00,400.0,70,273,57,54,23:54:00,0.0,07:28:00,7.0,454.0,0,Friday
2021-10-09,84,21,21,42,67,70,0.0605355064027939,08:14:00,385.0,67,207,111,54,00:55:00,1.0,08:14:00,8.0,439.0,0,Saturday
2021-10-10,83,20,22,41,58,69,0.0377777777777777,08:00:00,395.0,59,251,85,59,00:26:00,0.0,08:00:00,8.0,454.0,0,Sunday
2021-10-11,76,19,21,36,43,69,0.0773881499395405,07:15:30,349.0,43,235,71,70,00:16:00,0.0,07:15:30,7.0,419.0,0,Monday
2021-10-12,81,21,20,40,40,69,0.0672748004561003,07:27:30,370.0,40,231,99,94,23:43:00,0.0,07:27:30,7.0,464.0,0,Tuesday
2021-10-13,87,21,23,43,66,70,0.0423728813559322,07:08:00,383.0,66,203,114,45,00:00:00,0.0,07:08:00,7.0,428.0,0,Wednesday
2021-10-14,85,21,21,43,44,71,0.0523038605230386,06:59:00,367.0,44,240,83,45,00:07:00,0.0,06:59:00,7.0,412.0,0,Thursday
2021-10-15,78,18,21,39,37,71,0.069828722002635,06:52:00,345.0,37,243,65,65,00:02:00,0.0,06:52:00,7.0,410.0,0,Friday
2021-10-16,83,17,24,42,35,71,0.0469644902634593,07:35:00,403.0,35,296,72,52,00:00:00,0.0,07:35:00,8.0,455.0,1,Saturday
2021-10-17,79,19,22,38,38,70,0.0675496688741721,07:57:30,338.0,39,231,68,49,01:30:00,2.0,07:57:30,8.0,387.0,1,Sunday
2021-10-18,80,17,22,41,71,70,0.0918727915194346,07:20:30,364.0,71,237,56,60,00:16:30,0.0,07:20:30,7.0,424.0,1,Monday
2021-10-19,78,16,20,42,32,69,0.0721649484536082,07:16:30,391.0,32,297,62,45,00:00:00,0.0,07:16:30,7.0,436.0,1,Tuesday
2021-10-20,85,21,22,42,55,70,0.06,07:49:00,387.0,56,245,86,69,00:13:00,0.0,07:49:00,8.0,456.0,1,Wednesday
2021-10-21,75,16,19,40,42,69,0.1052023121387283,07:04:30,367.0,42,283,42,65,23:52:30,0.0,07:04:30,7.0,432.0,1,Thursday
2021-10-22,80,21,22,37,48,69,0.063625450180072,07:27:30,356.0,48,216,92,67,00:24:00,0.0,07:27:30,7.0,423,0,Friday
2021-10-23,86,21,23,42,62,68,0.0572972972972972,08:10:30,419.0,62,258,99,51,00:20:00,0.0,08:10:30,8.0,470,0,Saturday
2021-10-24,91,21,23,47,73,69,0.0429515418502202,08:15:00,429.0,73,234,122,35,00:31:00,1.0,08:15:00,8.0,464,0,Sunday
2021-10-25,68,16,20,32,24,69,0.0926143024618991,06:44:30,339.0,25,246,68,87,23:38:30,0.0,06:44:30,7.0,426,0,Monday
2021-10-26,80,20,21,39,75,69,0.0689655172413793,07:02:30,339.0,76,195,68,56,00:27:00,0.0,07:02:30,7.0,395,0,Tuesday
2021-10-27,88,20,22,46,69,69,0.0532481363152289,06:39:30,429.0,69,268,92,42,22:48:00,23.0,06:39:30,7.0,471,0,Wednesday
2021-10-28,86,21,23,42,67,70,0.062575210589651,06:47:30,374.0,67,205,102,41,23:52:30,0.0,06:47:30,7.0,415,0,Thursday
2021-10-29,82,20,19,43,67,69,0.0591194968553459,06:44:30,365.0,67,224,74,49,23:50:00,0.0,06:44:30,7.0,414,0,Friday
2021-10-30,85,19,19,47,23,69,0.0508108108108108,08:30:30,430.0,24,305,101,46,00:34:00,1.0,08:30:30,9.0,476,0,Saturday
2021-10-31,80,20,22,38,46,70,0.0622462787550744,06:59:30,334.0,46,218,70,35,00:50:30,1.0,06:59:30,7.0,369,0,Sunday
2021-11-01,83,20,20,43,47,69,0.0570388349514563,06:40:30,379.0,47,255,77,35,23:46:00,0.0,06:40:30,7.0,414,0,Monday
2021-11-02,79,19,21,39,36,70,0.0651340996168582,07:05:00,347.0,36,237,74,53,00:24:30,0.0,07:05:00,7.0,400,0,Tuesday
2021-11-03,79,17,21,41,70,70,0.0777903043968433,07:06:30,389.0,70,266,53,72,23:25:00,23.0,07:06:30,7.0,461,0,Wednesday
2021-11-04,81,19,21,41,59,70,0.079455164585698,06:57:30,386.0,59,252,75,62,23:29:00,23.0,06:57:30,7.0,448,0,Thursday
2021-11-05,84,21,22,41,76,70,0.0719026548672566,06:47:30,397.0,76,215,106,58,23:12:00,23.0,06:47:30,7.0,455,0,Friday
2021-11-06,79,19,20,40,60,70,0.0785463071512309,07:05:30,364.0,60,231,73,62,23:59:30,0.0,07:05:30,7.0,426,0,Saturday
2021-11-07,84,21,21,42,42,71,0.0508670520231213,07:20:00,395.0,43,235,117,59,23:46:00,0.0,07:20:00,7.0,454,0,Sunday
2021-11-08,83,19,22,42,66,72,0.0590238365493757,06:54:30,398.0,66,255,77,46,23:30:00,0.0,06:54:30,7.0,444,0,Monday
2021-11-09,81,17,23,41,60,73,0.0561282932416953,07:00:30,380.0,60,255,65,61,23:39:00,0.0,07:00:30,7.0,441,1,Tuesday
2021-11-10,84,21,22,41,44,71,0.0690448791714614,07:02:00,379.0,44,218,117,55,23:47:30,0.0,07:02:00,7.0,434,1,Wednesday
2021-11-11,80,19,23,38,27,70,0.065406976744186,06:50:00,314.0,27,218,69,56,00:40:00,1.0,06:50:00,7.0,370,1,Thursday
2021-11-12,77,17,20,40,37,69,0.1233842538190364,07:15:30,361.0,38,259,64,64,00:10:30,0.0,07:15:30,7.0,425,1,Friday
2021-11-13,84,19,22,43,34,69,0.0575980392156862,07:20:00,379.0,35,269,75,55,00:06:00,0.0,07:20:00,7.0,434,1,Saturday
2021-11-14,87,21,23,43,54,68,0.0488997555012225,07:19:30,376.0,54,217,105,36,00:27:00,0.0,07:19:30,7.0,412,0,Sunday
2021-11-15,83,19,22,42,52,68,0.0684150513112884,07:08:30,398.0,52,265,81,54,23:36:00,0.0,07:08:30,7.0,452,0,Monday
2021-11-16,78,20,22,36,58,67,0.0606980273141122,06:59:00,291.0,58,171,62,39,01:28:30,1.0,06:59:00,7.0,330,0,Tuesday
2021-11-17,79,20,22,37,41,67,0.0774731823599523,07:25:30,359.0,41,233,85,64,00:22:00,0.0,07:25:30,7.0,423,0,Wednesday
2021-11-18,84,21,23,40,44,67,0.0588235294117647,06:55:30,360.0,44,225,91,35,00:20:00,0.0,06:55:30,7.0,395,0,Thursday
2021-11-19,82,20,24,38,29,68,0.0334728033472803,06:25:00,326.0,29,212,85,41,00:18:00,0.0,06:25:00,6.0,367,0,Friday
2021-11-20,82,18,22,42,23,68,0.0651428571428571,07:25:30,403.0,23,294,86,42,00:00:00,0.0,07:25:30,7.0,445,0,Saturday
2021-11-21,84,21,22,41,56,68,0.0741599073001158,07:29:30,371.0,56,225,90,60,00:18:00,0.0,07:29:30,7.0,431,0,Sunday
2021-11-22,82,20,23,39,30,68,0.0600750938673341,06:44:30,354.0,30,236,88,45,00:05:30,0.0,06:44:30,7.0,399,0,Monday
2021-11-23,81,21,19,41,76,67,0.07773851590106,07:15:30,368.0,76,203,89,56,00:11:30,0.0,07:15:30,7.0,424,0,Tuesday
2021-11-24,81,21,22,38,50,68,0.0598290598290598,07:18:00,357.0,51,217,89,61,00:19:30,0.0,07:18:00,7.0,418,0,Wednesday
2021-11-25,81,21,19,41,64,69,0.0904079382579933,07:28:30,399.0,64,236,99,54,23:55:30,0.0,07:28:30,7.0,453,0,Thursday
2021-11-26,80,21,20,39,41,69,0.0524137931034482,06:50:30,331.0,41,212,78,34,00:45:00,1.0,06:50:30,7.0,365,0,Friday
2021-11-27,78,19,21,38,38,71,0.0524822695035461,06:27:00,321.0,38,216,67,46,00:20:00,0.0,06:27:00,6.0,367,0,Saturday
2021-11-28,85,21,22,42,43,71,0.0481220657276995,07:45:30,383.0,43,240,100,52,00:30:00,0.0,07:45:30,8.0,435,0,Sunday
2021-11-29,77,18,21,38,35,71,0.0617760617760617,06:49:30,343.0,35,238,70,45,00:21:30,0.0,06:49:30,7.0,388,0,Monday
2021-11-30,81,17,23,41,31,72,0.0513112884834663,07:16:30,382.0,31,279,72,59,23:55:00,0.0,07:16:30,7.0,441,0,Tuesday
2021-12-01,85,21,22,42,59,71,0.0570749108204518,07:23:00,378.0,60,212,106,66,23:58:30,0.0,07:23:00,7.0,444,0,Wednesday
2021-12-02,76,17,20,39,22,72,0.0616966580976863,06:44:30,350.0,22,260,68,43,00:11:00,0.0,06:44:30,7.0,393,0,Thursday
2021-12-03,72,14,21,37,12,73,0.0792602377807133,06:39:30,329.0,12,274,43,49,00:21:00,0.0,06:39:30,7.0,378,0,Friday
2021-12-04,81,18,22,41,42,74,0.0832420591456736,08:07:30,404.0,43,286,75,56,00:27:00,0.0,08:07:30,8.0,460,0,Saturday
2021-12-05,89,20,23,46,32,74,0.0504634397528321,07:45:00,441.0,32,296,113,45,23:39:00,0.0,07:45:00,8.0,486,0,Sunday
2021-12-06,74,19,22,33,25,73,0.1021170610211706,07:15:30,328.0,25,221,82,73,00:34:30,1.0,07:15:30,7.0,401,1,Monday
2021-12-07,72,15,21,36,33,71,0.102402022756005,07:25:00,335.0,33,261,41,60,00:49:30,1.0,07:25:00,7.0,395,1,Tuesday
2021-12-08,74,16,18,40,45,71,0.1190751445086705,06:53:30,367.0,46,274,47,65,23:41:00,0.0,06:53:30,7.0,432,1,Wednesday
2021-12-09,81,17,23,41,21,72,0.0609357997823721,07:29:30,405.0,21,305,79,56,23:48:00,0.0,07:29:30,7.0,461,1,Thursday
2021-12-10,85,21,24,40,77,71,0.0738177623990772,08:01:30,374.0,77,191,106,62,00:45:00,1.0,08:01:30,8.0,436,1,Friday
2021-12-11,77,18,18,41,39,68,0.0804469273743016,07:36:30,386.0,39,273,74,64,00:06:00,0.0,07:36:30,8.0,450,0,Saturday
2021-12-12,87,21,23,43,44,69,0.0370799536500579,07:39:00,407.0,44,261,102,40,00:12:00,0.0,07:39:00,8.0,447,0,Sunday
2021-12-13,83,20,23,40,33,68,0.0486111111111111,06:58:00,338.0,33,220,85,51,00:29:00,0.0,06:58:00,7.0,389,0,Monday
2021-12-14,79,16,21,42,24,68,0.0461725394896719,06:36:30,373.0,24,289,60,38,23:45:00,0.0,06:36:30,7.0,411,0,Tuesday
2021-12-15,85,21,24,40,54,69,0.0259917920656634,06:42:00,346.0,55,203,88,61,23:55:00,0.0,06:42:00,7.0,407,0,Wednesday
2021-12-16,84,21,22,41,39,69,0.076300578034682,06:49:30,378.0,40,243,95,55,23:36:00,0.0,06:49:30,7.0,433,0,Thursday
2021-12-17,85,19,23,43,23,69,0.0361010830324909,06:35:30,383.0,23,270,90,41,23:31:00,0.0,06:35:30,7.0,424,0,Friday
2021-12-18,85,21,19,45,68,70,0.0491642084562438,08:29:00,452.0,68,270,114,64,23:53:00,0.0,08:29:00,8.0,516,0,Saturday
2021-12-19,81,17,23,41,57,72,0.0564971751412429,07:47:00,386.0,58,271,57,61,00:20:00,0.0,07:47:00,8.0,447,0,Sunday
2021-12-20,83,19,23,41,72,71,0.0581270182992465,08:05:00,414.0,72,262,80,51,00:19:30,0.0,08:05:00,8.0,465,0,Monday
2021-12-21,84,20,24,40,36,71,0.0606394707828004,07:51:30,391.0,36,229,126,66,00:14:00,0.0,07:51:30,8.0,457.0,0,Tuesday
2021-12-22,86,21,22,43,73,70,0.0449704142011834,07:00:00,389.0,73,216,100,41,23:50:00,0.0,07:00:00,7.0,430.0,0,Wednesday
2021-12-23,83,19,24,40,49,70,0.0468354430379746,07:46:00,360.0,49,238,73,50,00:56:00,1.0,07:46:00,8.0,410.0,0,Thursday
2021-12-24,79,21,17,41,39,69,0.1005524861878453,07:30:00,397.0,40,258,99,72,23:41:00,0.0,07:30:00,8.0,469.0,0,Friday
2021-12-25,75,18,18,39,56,70,0.1538461538461538,07:29:30,361.0,57,235,69,88,00:00:00,0.0,07:29:30,7.0,449.0,0,Saturday
2021-12-26,80,21,15,44,45,70,0.1203610832497492,08:29:30,427.0,46,270,111,77,00:05:00,0.0,08:29:30,8.0,504.0,0,Sunday
2021-12-27,81,18,19,44,54,71,0.1055607917059378,08:44:00,456.0,55,313,88,77,23:50:30,0.0,08:44:00,9.0,533.0,0,Monday
2021-12-28,84,19,21,44,55,72,0.1010901883052527,08:37:30,433.0,55,288,90,83,00:01:00,0.0,08:37:30,9.0,516.0,0,Tuesday
2021-12-29,78,19,16,43,52,73,0.0893015030946065,09:51:30,476.0,53,323,100,89,00:26:30,0.0,09:51:30,10.0,565.0,0,Wednesday
2021-12-30,85,21,22,42,50,75,0.0443686006825938,06:59:30,400.0,51,251,98,42,23:37:00,0.0,06:59:30,7.0,442.0,0,Thursday
2021-12-31,73,15,17,41,34,76,0.1017316017316017,08:15:30,402.0,35,328,39,60,00:33:00,1.0,08:15:30,8.0,462.0,0,Friday
2022-01-01,86,21,23,42,61,77,0.0566037735849056,08:50:30,405.0,61,251,93,45,01:20:30,1.0,08:50:30,9.0,450.0,1,Saturday
2022-01-02,89,21,23,45,71,76,0.0771543086172344,09:43:00,433.0,71,249,113,71,01:18:30,1.0,09:43:00,10.0,504.0,1,Sunday
2022-01-03,78,20,21,37,47,75,0.1041948579161028,06:06:30,320.0,47,199,74,49,23:57:30,0.0,06:06:30,6.0,369.0,1,Monday
2022-01-04,81,21,21,39,60,73,0.0958019375672766,07:51:30,390.0,61,221,108,79,00:02:00,0.0,07:51:30,8.0,469.0,1,Tuesday
2022-01-05,82,20,21,41,52,73,0.0770171149144254,06:58:00,361.0,52,229,80,55,00:02:00,0.0,06:58:00,7.0,416.0,1,Wednesday
2022-01-06,86,22,23,41,88,72,0.0631458094144661,07:27:30,385.0,88,201,96,50,00:12:30,0.0,07:27:30,7.0,435.0,1,Thursday
2022-01-07,84,21,22,41,45,72,0.0752056404230317,06:44:30,375.0,46,221,108,50,23:39:30,0.0,06:44:30,7.0,425.0,0,Friday
2022-01-08,88,21,24,43,43,72,0.0410447761194029,07:05:00,382.0,43,247,92,40,00:03:00,0.0,07:05:00,7.0,422.0,0,Saturday
2022-01-09,85,19,21,45,76,71,0.0803662258392675,08:33:30,426.0,76,266,84,65,00:22:30,0.0,08:33:30,9.0,491.0,0,Sunday
2022-01-10,82,19,24,39,28,71,0.0483641536273115,06:46:30,325.0,28,225,72,30,00:51:00,1.0,06:46:30,7.0,355.0,0,Monday
2022-01-11,80,20,22,38,61,71,0.0527740189445196,07:02:30,328.0,62,193,73,64,00:30:00,0.0,07:02:30,7.0,392.0,0,Tuesday
2022-01-12,85,22,22,41,84,70,0.0624290578887627,07:24:00,386.0,85,194,107,55,00:03:00,0.0,07:24:00,7.0,441.0,0,Wednesday
2022-01-13,86,21,23,42,84,70,0.0654088050314465,06:47:30,362.0,84,199,79,37,00:08:00,0.0,06:47:30,7.0,399.0,0,Thursday
2022-01-14,80,21,21,38,48,69,0.0938271604938271,06:59:30,355.0,49,208,98,64,00:00:00,0.0,06:59:30,7.0,419.0,0,Friday
2022-01-15,81,16,22,43,56,70,0.0591647331786542,07:59:30,395.0,56,296,43,59,00:25:00,0.0,07:59:30,8.0,454.0,0,Saturday
2022-01-16,86,18,23,45,42,71,0.0616509926854754,08:15:00,428.0,42,306,80,55,00:12:00,0.0,08:15:00,8.0,483.0,0,Sunday
2022-01-17,81,18,21,42,45,72,0.0838323353293413,06:56:30,367.0,45,255,67,50,23:59:30,0.0,06:56:30,7.0,417.0,0,Monday
2022-01-18,79,19,23,37,66,71,0.072570725707257,07:16:00,350.0,66,211,73,61,00:24:30,0.0,07:16:00,7.0,411.0,0,Tuesday
2022-01-19,79,18,21,40,6,72,0.056910569105691,07:29:30,344.0,6,241,97,33,01:12:00,1.0,07:29:30,7.0,377.0,0,Wednesday
2022-01-20,82,20,22,40,73,72,0.0334620334620334,06:42:00,358.0,74,214,70,32,00:11:30,0.0,06:42:00,7.0,390,0,Thursday
2022-01-21,85,19,23,43,30,72,0.0437424058323207,07:18:00,383.0,30,270,83,46,00:09:00,0.0,07:18:00,7.0,429,0,Friday
2022-01-22,85,20,23,42,57,73,0.0468920392584514,07:57:30,419.0,57,271,91,40,00:18:00,0.0,07:57:30,8.0,459,0,Saturday
2022-01-23,88,21,21,46,64,73,0.0581516095534787,08:29:30,427.0,64,238,125,65,00:17:00,0.0,08:29:30,8.0,492,0,Sunday
2022-01-24,82,21,22,39,67,74,0.082079343365253,06:51:00,339.0,67,186,86,57,00:15:00,0.0,06:51:00,7.0,396,0,Monday
2022-01-25,77,17,21,39,67,74,0.0683229813664596,06:45:00,360.0,67,237,56,58,23:47:00,0.0,06:45:00,7.0,418,0,Tuesday
2022-01-26,67,16,14,37,41,74,0.0783132530120482,06:56:00,300.0,41,222,37,61,00:55:00,1.0,06:56:00,7.0,361,0,Wednesday
2022-01-27,78,16,22,40,37,76,0.0797687861271676,06:53:30,370.0,37,271,62,62,23:41:30,0.0,06:53:30,7.0,432,0,Thursday
2022-01-28,86,21,23,42,56,76,0.0724815724815724,07:10:30,364.0,56,222,86,54,00:12:00,0.0,07:10:30,7.0,418,1,Friday
2022-01-29,91,20,24,47,38,74,0.0438413361169102,08:42:00,458.0,38,297,123,46,00:18:00,0.0,08:42:00,9.0,504,1,Saturday
2022-01-30,87,19,23,45,82,73,0.0625583566760037,08:38:30,476.0,82,304,90,59,23:43:30,0.0,08:38:30,9.0,535,1,Sunday
2022-01-31,74,17,19,38,44,72,0.081225033288948,06:50:30,335.0,44,244,47,41,00:34:00,1.0,06:50:30,7.0,376,1,Monday
2022-02-01,82,19,23,40,73,73,0.0803259604190919,07:17:30,369.0,73,221,75,62,00:06:00,0.0,07:17:30,7.0,431,1,Tuesday
2022-02-02,85,21,23,41,63,71,0.0839779005524861,07:20:00,401.0,63,226,112,57,23:42:00,0.0,07:20:00,7.0,458,1,Wednesday
2022-02-03,87,21,24,42,38,70,0.0425531914893617,06:38:30,363.0,38,221,104,39,23:56:00,0.0,06:38:30,7.0,402,0,Thursday
2022-02-04,83,20,22,41,42,68,0.0654420206659012,07:20:30,384.0,42,258,84,53,00:03:00,0.0,07:20:30,7.0,437,0,Friday
2022-02-05,79,21,17,41,59,68,0.0721420643729189,07:32:30,398.0,59,218,121,52,00:02:30,0.0,07:32:30,8.0,450,0,Saturday
2022-02-06,86,20,23,43,36,70,0.0384138785625774,07:15:00,380.0,36,262,82,46,00:09:00,0.0,07:15:00,7.0,426,0,Sunday
2022-02-07,80,19,22,39,45,70,0.073139974779319,06:40:30,354.0,45,237,72,42,00:04:30,0.0,06:40:30,7.0,396,0,Monday
2022-02-08,80,17,23,40,34,69,0.0670520231213872,06:44:30,375.0,34,274,67,57,23:32:30,0.0,06:44:30,7.0,432,0,Tuesday
2022-02-09,75,19,19,37,49,69,0.0830235439900867,06:59:30,348.0,49,229,70,58,00:13:00,0.0,06:59:30,7.0,406,0,Wednesday
2022-02-10,82,18,22,42,0,69,0.0658682634730539,06:49:30,372.0,0,280,92,45,23:52:00,0.0,06:49:30,7.0,417,0,Thursday
2022-02-11,82,21,23,38,60,68,0.0539152759948652,07:01:30,345.0,60,195,90,44,00:32:30,1.0,07:01:30,7.0,389,0,Friday
2022-02-12,87,20,20,47,26,67,0.0462046204620462,07:50:30,428.0,26,263,139,26,00:16:30,0.0,07:50:30,8.0,454,0,Saturday
2022-02-13,80,21,18,41,39,68,0.0444697833523375,08:01:30,390.0,39,243,108,54,00:37:00,1.0,08:01:30,8.0,444,0,Sunday
2022-02-14,82,18,20,44,51,69,0.1059280855199222,08:46:30,436.0,52,298,86,78,00:12:30,0.0,08:46:30,9.0,514,0,Monday
2022-02-15,77,17,22,38,44,69,0.0530973451327433,07:25:30,347.0,44,244,59,51,00:47:00,1.0,07:25:30,7.0,398,0,Tuesday
2022-02-16,85,21,21,43,46,69,0.0615563298490127,07:42:00,398.0,46,257,95,50,00:14:00,0.0,07:42:00,8.0,448,0,Wednesday
2022-02-17,78,18,21,39,58,69,0.0336473755047106,07:42:00,343.0,58,227,58,62,00:57:00,1.0,07:42:00,8.0,405,0,Thursday
2022-02-18,75,17,20,38,57,69,0.0859671302149178,07:37:00,347.0,58,235,54,66,00:44:00,1.0,07:37:00,8.0,413,0,Friday
2022-02-19,82,21,20,41,47,68,0.0473118279569892,08:00:00,417.0,48,270,99,50,00:13:00,0.0,08:00:00,8.0,467,0,Saturday
2022-02-20,84,21,20,43,65,68,0.0456182472989195,07:22:00,385.0,65,188,132,42,00:15:00,0.0,07:22:00,7.0,427,0,Sunday
2022-02-21,79,21,18,40,50,68,0.0438709677419354,06:48:30,359.0,50,218,91,33,00:16:00,0.0,06:48:30,7.0,392,0,Monday
2022-02-22,69,14,13,42,31,70,0.0711743772241993,07:27:30,374.0,31,319,24,47,00:26:00,0.0,07:27:30,7.0,421,0,Tuesday
2022-02-23,75,21,15,39,76,71,0.0638852672750977,06:56:30,348.0,77,171,100,44,00:24:00,0.0,06:56:30,7.0,392,0,Wednesday
2022-02-24,81,20,22,39,28,74,0.0589743589743589,07:04:00,350.0,28,239,83,48,00:25:30,0.0,07:04:00,7.0,398,0,Thursday
2022-02-25,74,18,20,36,61,74,0.0746089049338146,06:50:30,349.0,61,224,64,66,23:55:30,0.0,06:50:30,7.0,415,0,Friday
2022-02-26,85,15,24,46,16,73,0.041711229946524,07:51:00,427.0,16,344,67,54,23:50:00,0.0,07:51:00,8.0,481,0,Saturday
2022-02-27,78,15,22,41,45,71,0.0711159737417943,07:40:30,404.0,45,329,30,67,23:49:00,0.0,07:40:30,8.0,471,0,Sunday
2022-02-28,78,21,23,34,58,70,0.0547396528704939,07:00:30,316.0,58,169,89,58,00:46:30,1.0,07:00:30,7.0,374,0,Monday
2022-03-01,84,21,22,41,65,69,0.0895522388059701,07:25:30,381.0,65,204,112,57,00:07:00,0.0,07:25:30,7.0,438,0,Tuesday
2022-03-02,86,20,24,42,38,67,0.0457142857142857,07:09:30,395.0,38,248,109,49,23:45:00,0.0,07:09:30,7.0,444,1,Wednesday
2022-03-03,79,16,21,42,33,66,0.0643623361144219,07:09:30,374.0,33,285,56,45,00:10:30,0.0,07:09:30,7.0,419,1,Thursday
2022-03-04,83,21,19,43,60,66,0.065190651906519,06:55:00,378.0,61,213,104,39,23:57:30,0.0,06:55:00,7.0,417,1,Friday
2022-03-05,82,18,18,46,61,66,0.0695020746887966,08:15:30,436.0,61,300,75,47,00:12:00,0.0,08:15:30,8.0,483,1,Saturday
2022-03-06,81,18,24,39,35,68,0.0369881109643328,07:15:00,348.0,35,247,66,62,00:25:00,0.0,07:15:00,7.0,410,1,Sunday
2022-03-07,84,21,22,41,71,68,0.061050061050061,07:03:30,361.0,71,204,86,48,00:14:30,0.0,07:03:30,7.0,409,0,Monday
2022-03-08,79,17,20,42,36,68,0.0869033047735618,06:37:00,366.0,36,265,65,59,23:31:30,0.0,06:37:00,7.0,425,0,Tuesday
2022-03-09,84,21,21,42,48,69,0.0526918671248568,06:58:30,390.0,48,241,101,52,23:36:00,0.0,06:58:30,7.0,442,0,Wednesday
2022-03-10,84,20,21,43,31,69,0.048284625158831,06:31:00,369.0,31,226,112,29,23:53:00,0.0,06:31:00,7.0,398,0,Thursday
2022-03-11,75,14,23,38,34,69,0.0707964601769911,06:56:30,348.0,35,292,21,61,00:07:00,0.0,06:56:30,7.0,409,0,Friday
2022-03-12,79,17,22,40,47,69,0.0390835579514824,07:02:00,345.0,47,242,56,43,00:34:00,1.0,07:02:00,7.0,388,0,Saturday
2022-03-13,80,19,20,41,59,69,0.0825190010857763,07:24:30,400.0,60,258,82,60,23:44:30,0.0,07:24:30,7.0,460,0,Sunday
2022-03-14,76,16,21,39,48,69,0.0631970260223048,07:23:30,356.0,48,268,40,65,00:22:00,0.0,07:23:30,7.0,421,0,Monday
2022-03-15,86,20,23,43,31,69,0.0434782608695652,06:50:30,382.0,31,256,95,39,23:49:00,0.0,06:50:30,7.0,421,0,Tuesday
2022-03-16,73,14,21,38,41,69,0.0458715596330275,06:43:30,342.0,41,294,7,45,00:16:00,0.0,06:43:30,7.0,387,0,Wednesday
2022-03-17,73,16,18,39,53,68,0.0985221674876847,06:51:00,358.0,54,262,42,57,23:56:00,0.0,06:51:00,7.0,415,0,Thursday
2022-03-18,71,17,19,35,88,68,0.0998719590268886,07:10:00,329.0,89,189,51,76,00:24:30,0.0,07:10:00,7.0,405,0,Friday
2022-03-19,78,16,20,42,41,69,0.0781796966161026,07:30:00,382.0,41,286,55,68,00:00:00,0.0,07:30:00,8.0,450,0,Saturday
2022-03-20,84,18,20,46,80,69,0.048048048048048,08:18:30,455.0,80,299,76,45,23:58:00,0.0,08:18:30,8.0,500,0,Sunday
2022-03-21,86,21,22,43,46,70,0.059040590405904,06:45:30,373.0,46,219,108,33,23:59:00,0.0,06:45:30,7.0,406,0,Monday
2022-03-22,75,15,22,38,32,70,0.0387596899224806,06:54:00,304.0,33,235,36,33,01:16:30,1.0,06:54:00,7.0,337,0,Tuesday
2022-03-23,75,13,20,42,31,71,0.0819477434679334,07:31:00,379.0,32,342,5,74,23:58:00,0.0,07:31:00,8.0,453,0,Wednesday
2022-03-24,74,15,22,37,33,72,0.0583016476552598,06:44:30,343.0,33,275,35,58,00:03:00,0.0,06:44:30,7.0,401,0,Thursday
2022-03-25,69,13,22,34,27,72,0.0694275274056029,06:45:30,338.0,27,295,16,72,23:55:30,0.0,06:45:30,7.0,410,0,Friday
2022-03-26,77,15,22,40,44,72,0.0715025906735751,08:02:00,417.0,44,351,22,66,23:58:30,0.0,08:02:00,8.0,483,0,Saturday
2022-03-27,80,14,23,43,23,72,0.0404255319148936,08:14:00,378.0,24,306,48,37,00:19:00,0.0,08:14:00,8.0,415,0,Sunday
2022-03-28,68,14,19,35,11,71,0.0802919708029197,06:45:00,296.0,11,242,43,55,00:53:30,1.0,06:45:00,7.0,351,0,Monday
2022-03-29,76,15,21,40,42,72,0.0689655172413793,07:20:00,372.0,42,298,32,78,23:50:00,0.0,07:20:00,7.0,450,0,Tuesday
2022-03-30,82,17,24,41,37,71,0.0544135429262394,06:52:30,367.0,37,264,66,49,23:56:00,0.0,06:52:30,7.0,416,1,Wednesday
2022-03-31,79,16,23,40,48,70,0.048780487804878,06:56:30,373.0,48,285,40,57,23:46:30,0.0,06:56:30,7.0,430,1,Thursday
2022-04-01,72,12,23,37,17,70,0.0568475452196382,06:46:00,338.0,17,315,6,66,00:02:00,0.0,06:46:00,7.0,404,1,Friday
2022-04-02,85,17,22,46,33,69,0.0585267406659939,07:41:30,454.0,34,342,78,43,23:24:00,23.0,07:41:30,8.0,497,1,Saturday
2022-04-03,79,16,20,43,34,69,0.0666666666666666,07:55:30,379.0,34,286,59,47,00:49:00,1.0,07:55:30,8.0,426,1,Sunday
2022-04-04,86,21,23,42,82,70,0.051783659378596,07:19:30,387.0,82,203,102,47,00:05:30,0.0,07:19:30,7.0,434,0,Monday
2022-04-05,80,19,23,38,51,69,0.0569800569800569,06:31:00,320.0,52,208,60,37,00:33:30,1.0,06:31:00,7.0,357,0,Tuesday
2022-04-06,72,14,21,37,34,68,0.06375,07:08:30,343.0,34,284,25,59,00:26:00,0.0,07:08:30,7.0,402,0,Wednesday
2022-04-07,73,14,22,37,27,67,0.0731102850061957,07:12:30,351.0,27,296,28,56,00:25:00,0.0,07:12:30,7.0,407,0,Thursday
2022-04-08,79,18,19,42,73,67,0.0705754614549402,07:18:30,408.0,73,264,71,52,23:38:30,0.0,07:18:30,7.0,460,0,Friday
2022-04-09,83,19,21,43,37,67,0.048602673147023,06:51:30,378.0,37,265,76,40,23:53:00,0.0,06:51:30,7.0,418,0,Saturday
2022-04-10,81,19,20,42,48,69,0.0655367231638418,08:01:30,393.0,48,265,80,63,00:25:00,0.0,08:01:30,8.0,456,0,Sunday
2022-04-11,90,20,23,47,27,70,0.0441014332965821,08:00:00,428.0,27,287,114,43,00:09:00,0.0,08:00:00,8.0,471,0,Monday
2022-04-12,83,21,23,39,52,68,0.0671834625322997,07:06:30,349.0,52,215,82,38,00:39:00,1.0,07:06:30,7.0,387,0,Tuesday
2022-04-13,85,17,22,46,80,68,0.0583418628454452,08:27:00,436.0,80,301,55,57,00:14:00,0.0,08:27:00,8.0,493,0,Wednesday
2022-04-14,76,14,21,41,49,68,0.0681081081081081,07:59:30,404.0,50,339,15,60,00:15:00,0.0,07:59:30,8.0,464,0,Thursday
2022-04-15,86,20,24,42,35,67,0.0414572864321608,07:10:30,360.0,35,235,90,49,00:21:00,0.0,07:10:30,7.0,409,0,Friday
2022-04-16,83,21,22,40,71,66,0.0764966740576496,08:14:30,390.0,71,224,95,62,00:42:00,1.0,08:14:30,8.0,452,0,Saturday
2022-04-17,74,16,18,40,47,66,0.0963350785340314,08:09:30,414.0,48,312,54,63,00:12:00,0.0,08:09:30,8.0,477,0,Sunday
2022-04-18,76,16,17,43,67,67,0.0521642619311875,08:10:30,416.0,67,305,44,38,00:36:00,1.0,08:10:30,8.0,454,0,Monday
2022-04-19,73,15,17,41,42,68,0.0834326579261025,06:54:30,362.0,42,285,35,57,23:55:30,0.0,06:54:30,7.0,419,0,Tuesday
2022-04-20,69,15,17,37,39,70,0.1244131455399061,07:29:00,358.0,39,290,29,82,00:08:30,0.0,07:29:00,7.0,440,0,Wednesday
2022-04-21,78,20,21,37,28,70,0.048,07:02:30,291.0,29,184,78,22,01:49:00,2.0,07:02:30,7.0,313,0,Thursday
2022-04-22,77,17,18,42,33,70,0.0616844602609727,07:08:30,374.0,34,271,69,52,00:02:00,0.0,07:08:30,7.0,426,0,Friday
2022-04-23,79,17,18,44,41,71,0.0937251787132645,08:00:00,554.0,41,423,90,76,21:30:00,22.0,08:00:00,8.0,630,0,Saturday
2022-04-24,82,20,20,42,38,71,0.0524017467248908,06:42:00,329.0,38,208,83,63,00:10:00,0.0,06:42:00,7.0,392,0,Sunday
2022-04-25,79,14,23,42,33,71,0.0517448856799037,07:01:30,373.0,33,324,16,60,23:48:00,0.0,07:01:30,7.0,433,0,Monday
2022-04-26,79,17,20,42,28,70,0.0630407911001236,07:16:00,361.0,28,267,66,53,00:22:00,0.0,07:16:00,7.0,414,0,Tuesday
2022-04-27,74,13,20,41,18,69,0.0730270906949352,07:13:30,372.0,18,323,31,56,00:05:00,0.0,07:13:30,7.0,428,0,Wednesday
2022-04-28,74,16,20,38,58,70,0.0763546798029556,07:01:30,352.0,58,248,46,58,00:11:00,0.0,07:01:30,7.0,410,0,Thursday
2022-04-29,72,13,21,38,18,70,0.0733249051833122,06:59:30,347.0,18,309,20,49,00:23:00,0.0,06:59:30,7.0,396,0,Friday
2022-04-30,82,17,19,46,65,71,0.0813835198372329,08:00:30,438.0,66,304,68,68,23:34:00,0.0,08:00:30,8.0,506,0,Saturday
2022-05-01,90,21,23,46,70,71,0.0637408568443051,08:30:30,429.0,70,248,111,60,00:21:00,0.0,08:30:30,9.0,489,1,Sunday
2022-05-02,78,17,23,38,43,70,0.0651340996168582,06:24:00,344.0,44,244,56,49,23:50:30,0.0,06:24:00,6.0,393,1,Monday
2022-05-03,83,18,23,42,35,70,0.0809815950920245,06:54:30,362.0,36,255,71,45,00:07:30,0.0,06:54:30,7.0,407,1,Tuesday
2022-05-04,77,16,23,38,46,69,0.074074074074074,06:57:30,345.0,46,257,42,46,00:26:30,0.0,06:57:30,7.0,391,1,Wednesday
2022-05-05,82,20,23,39,66,68,0.0499306518723994,07:05:00,333.0,66,200,67,29,01:03:00,1.0,07:05:00,7.0,362,1,Thursday
2022-05-06,79,17,22,40,56,67,0.0492227979274611,06:58:00,360.0,56,252,52,57,00:01:00,0.0,06:58:00,7.0,417,0,Friday
2022-05-07,86,21,20,45,47,67,0.0613437195715676,08:37:30,449.0,47,286,116,64,00:04:30,0.0,08:37:30,9.0,513,0,Saturday
2022-05-08,82,19,21,42,41,68,0.0642303433001107,07:25:00,408.0,41,287,80,47,23:49:30,0.0,07:25:00,7.0,455,0,Sunday
2022-05-09,84,19,22,43,60,68,0.0716934487021013,07:15:00,376.0,60,244,72,50,00:08:30,0.0,07:15:00,7.0,426,0,Monday
2022-05-10,83,18,22,43,32,68,0.0446998722860791,06:58:00,372.0,33,267,72,47,23:59:00,0.0,06:58:00,7.0,419,0,Tuesday
2022-05-11,80,21,21,38,41,69,0.06125,07:11:00,351.0,41,220,90,51,00:28:30,0.0,07:11:00,7.0,402,0,Wednesday
2022-05-12,79,19,22,38,55,69,0.0853816300129366,06:44:30,341.0,55,219,67,45,00:18:30,0.0,06:44:30,7.0,386,0,Thursday
2022-05-13,84,20,18,46,60,70,0.0504364694471387,08:39:00,463.0,60,307,96,55,00:00:30,0.0,08:39:00,9.0,518,0,Friday
2022-05-14,87,21,23,43,48,71,0.0578034682080924,07:51:30,399.0,49,249,101,45,00:27:00,0.0,07:51:30,8.0,444,0,Saturday
2022-05-15,85,17,21,47,33,70,0.0416243654822335,08:19:00,459.0,34,349,76,45,23:55:00,0.0,08:19:00,8.0,504,0,Sunday
2022-05-16,81,21,21,39,41,69,0.0490566037735849,06:41:30,354.0,41,225,88,43,00:04:00,0.0,06:41:30,7.0,397,0,Monday
2022-05-17,68,15,21,32,49,69,0.0563961485557083,06:46:30,300.0,49,226,25,63,00:43:30,1.0,06:46:30,7.0,363,0,Tuesday
2022-05-18,83,21,20,42,79,69,0.0556242274412855,06:34:30,361.0,79,180,102,43,23:50:30,0.0,06:34:30,7.0,404,0,Wednesday
2022-05-19,75,16,19,40,45,69,0.0815273477812177,07:17:00,413.0,46,322,45,78,23:06:00,23.0,07:17:00,7.0,491,0,Thursday
2022-05-20,77,20,16,41,58,69,0.0861889927310488,07:13:30,418.0,58,270,90,68,23:07:00,23.0,07:13:30,7.0,486,0,Friday
